IX,width_m,length_m
1,422.732,3702.949
1,442.394,3702.949
1,481.718,3702.949
1,471.888,3702.949
1,363.745,3702.949
1,393.238,3702.949
1,412.901,3702.949
1,412.901,3702.949
1,334.252,3702.949
1,294.928,3702.949
1,285.097,3702.949
1,314.59,3702.949
1,265.435,3702.949
1,304.758,3702.949
1,334.251,3702.949
1,547.368,3702.949
1,493.28,3702.949
1,440.52,3702.949
1,451.93,3702.949
1,568.538,3702.949
1,604.529,3702.949
1,602.572,3702.949
1,580.249,3702.949
1,501.382,3702.949
1,550.538,3702.949
1,678.342,3702.949
1,776.652,3702.949
1,471.888,3702.949
1,471.888,3702.949
1,471.889,3702.949
1,491.551,3702.949
1,384.168,3702.949
1,267.782,3702.949
1,70.469,3702.949
1,424.541,3702.949
1,436.906,3702.949
1,467.094,3702.949
1,458.533,3702.949
2,846.725,7334.973
2,836.88,7334.973
2,827.035,7334.973
2,807.344,7334.973
2,728.575,7334.973
2,758.113,7334.973
2,787.65,7334.973
2,856.57,7334.973
2,748.265,7334.973
2,748.265,7334.973
2,738.42,7334.973
2,767.957,7334.973
2,748.263,7334.973
2,758.109,7334.973
2,728.573,7334.973
2,738.419,7334.973
2,590.744,7334.973
2,531.67,7334.973
2,531.67,7334.973
2,541.516,7334.973
2,620.28,7334.973
2,610.434,7334.973
2,600.589,7334.973
2,590.744,7334.973
2,689.198,7334.973
2,610.433,7334.973
2,600.588,7334.973
2,620.279,7334.973
2,846.727,7334.973
2,827.036,7334.973
2,807.345,7334.973
2,787.654,7334.973
2,886.09,7334.973
2,895.936,7334.973
2,876.246,7334.973
2,836.864,7334.973
2,758.098,7334.973
2,787.634,7334.973
2,827.017,7334.973
2,886.09,7334.973
2,886.086,7334.973
2,846.705,7334.973
2,836.86,7334.973
2,758.097,7334.973
2,590.723,7334.973
2,689.177,7334.973
2,807.322,7334.973
2,767.952,7334.973
2,758.107,7334.973
2,767.953,7334.973
2,777.799,7334.973
2,886.097,7334.973
2,856.561,7334.973
2,797.488,7334.973
2,748.261,7334.973
2,836.867,7334.973
2,876.249,7334.973
2,915.632,7334.973
2,905.787,7334.973
2,807.329,7334.973
2,787.638,7334.973
2,797.484,7334.973
2,807.33,7334.973
2,216.608,7334.973
2,206.762,7334.973
2,149.355,7334.973
2,393.831,7334.973
2,246.145,7334.973
2,187.07,7334.973
2,206.762,7334.973
2,541.517,7334.973
2,521.825,7334.973
2,482.443,7334.973
2,472.597,7334.973
3,996.669,7824.302
3,935.649,7824.302
3,884.799,7824.302
3,864.46,7824.302
3,1028.048,7824.302
3,1028.049,7824.302
3,1028.049,7824.302
3,1047.519,7824.302
3,1038.224,7824.302
3,1038.225,7824.302
3,1038.225,7824.302
3,1028.051,7824.302
3,1099.293,7824.302
3,1109.473,7824.302
3,1058.58,7824.302
3,1058.581,7824.302
3,925.488,7824.302
3,887.929,7824.302
3,905.148,7824.302
3,915.319,7824.302
3,783.103,7824.302
3,833.954,7824.302
3,854.295,7824.302
3,935.657,7824.302
3,879.993,7824.302
3,833.952,7824.302
3,776.365,7824.302
3,762.762,7824.302
3,844.12,7824.302
3,823.78,7824.302
3,813.61,7824.302
3,813.611,7824.302
3,1071.179,7824.302
3,1007.674,7824.302
3,1007.674,7824.302
3,977.139,7824.302
3,1089.099,7824.302
3,1150.17,7824.302
3,1129.814,7824.302
3,1098.554,7824.302
3,1108.639,7824.302
3,1068.74,7824.302
3,1078.387,7824.302
3,1099.276,7824.302
3,824.454,7824.302
3,883.879,7824.302
3,1028.025,7824.302
3,1089.112,7824.302
3,1109.47,7824.302
3,1109.471,7824.302
3,1140.007,7824.302
3,956.787,7824.302
3,946.609,7824.302
3,956.789,7824.302
3,987.325,7824.302
3,946.607,7824.302
3,946.607,7824.302
3,956.786,7824.302
3,936.43,7824.302
3,997.497,7824.302
3,1048.39,7824.302
3,1038.212,7824.302
3,988.766,7824.302
3,457.663,7824.302
3,518.685,7824.302
3,528.856,7824.302
3,488.175,7824.302
3,488.173,7824.302
3,447.492,7824.302
3,449.737,7824.302
3,437.322,7824.302
3,661.066,7824.302
3,569.534,7824.302
3,539.024,7824.302
3,488.173,7824.302
3,894.979,7824.302
3,905.15,7824.302
3,874.64,7824.302
3,767.211,7824.302
4,581.838,9381.978
4,591.7,9381.978
4,650.918,9381.978
4,670.591,9381.978
4,591.698,9381.978
4,591.698,9381.978
4,1348.068,9381.978
4,1397.997,9381.978
4,1388.013,9381.978
4,1328.099,9381.978
4,1358.051,9381.978
4,1397.994,9381.978
4,1407.981,9381.978
4,1368.039,9381.978
4,1388.004,9381.978
4,1372.849,9381.978
4,1278.164,9381.978
4,1348.064,9381.978
4,1308.116,9381.978
4,1318.102,9381.978
4,1368.031,9381.978
4,1397.989,9381.978
4,1348.081,9381.978
4,1327.924,9381.978
4,1278.182,9381.978
4,1258.211,9381.978
4,1407.992,9381.978
4,1427.965,9381.978
4,1457.923,9381.978
4,1407.995,9381.978
4,1378.032,9381.978
4,1368.047,9381.978
4,1338.091,9381.978
4,1368.049,9381.978
4,1308.129,9381.978
4,1348.072,9381.978
4,1358.059,9381.978
4,1348.074,9381.978
4,925.296,9381.978
4,928.652,9381.978
4,910.371,9381.978
4,888.711,9381.978
4,914.209,9381.978
4,957.613,9381.978
4,958.607,9381.978
4,938.636,9381.978
4,695.167,9381.978
4,688.997,9381.978
4,698.982,9381.978
4,803.28,9381.978
4,629.082,9381.978
4,649.054,9381.978
4,669.025,9381.978
4,1278.156,9381.978
4,1308.114,9381.978
4,1298.129,9381.978
4,1338.072,9381.978
4,1160.725,9381.978
4,1208.255,9381.978
4,1278.155,9381.978
4,1278.057,9381.978
4,978.584,9381.978
4,1008.541,9381.978
4,1028.513,9381.978
4,1108.398,9381.978
4,918.668,9381.978
4,978.582,9381.978
4,1028.51,9381.978
4,998.554,9381.978
4,848.097,9381.978
4,887.544,9381.978
4,907.268,9381.978
4,759.344,9381.978
4,976.296,9381.978
4,926.988,9381.978
4,976.297,9381.978
4,946.713,9381.978
4,996.016,9381.978
4,917.125,9381.978
4,926.987,9381.978
4,1005.88,9381.978
4,1186.743,9381.978
4,1118.411,9381.978
4,1088.455,9381.978
4,1048.512,9381.978
4,493.084,9381.978
4,345.159,9381.978
4,226.819,9381.978
4,552.253,9381.978
4,522.669,9381.978
4,532.531,9381.978
4,473.361,9381.978
4,581.837,9381.978
4,571.976,9381.978
5,802.097,11056.898
5,731.026,11056.898
5,720.87,11056.898
5,741.177,11056.898
5,751.33,11056.898
5,751.331,11056.898
5,1342.19,11056.898
5,1315.347,11056.898
5,1261.66,11056.898
5,1258.534,11056.898
5,1343.838,11056.898
5,1328.767,11056.898
5,1342.189,11056.898
5,1328.768,11056.898
5,1409.296,11056.898
5,1368.993,11056.898
5,1281.02,11056.898
5,1301.922,11056.898
5,1460.661,11056.898
5,1449.559,11056.898
5,1469.864,11056.898
5,1437.988,11056.898
5,599.026,11056.898
5,639.638,11056.898
5,670.098,11056.898
5,748.454,11056.898
5,741.166,11056.898
5,629.484,11056.898
5,599.025,11056.898
5,578.72,11056.898
5,822.388,11056.898
5,761.471,11056.898
5,771.624,11056.898
5,771.625,11056.898
5,1239.303,11056.898
5,1129.356,11056.898
5,1101.859,11056.898
5,969.096,11056.898
5,738.194,11056.898
5,794.869,11056.898
5,879.028,11056.898
5,994.31,11056.898
5,429.869,11056.898
5,467.493,11056.898
5,510.025,11056.898
5,607.476,11056.898
5,340.966,11056.898
5,344.052,11056.898
5,322.121,11056.898
5,370.664,11056.898
5,295.277,11056.898
5,361.984,11056.898
5,288.931,11056.898
5,1475.532,11056.898
5,1450.71,11056.898
5,1458.526,11056.898
5,1469.861,11056.898
5,1292.612,11056.898
5,1342.439,11056.898
5,1355.601,11056.898
5,1440.115,11056.898
5,1314.404,11056.898
5,1292.252,11056.898
5,1261.646,11056.898
5,1273.583,11056.898
5,1154.269,11056.898
5,1264.808,11056.898
5,1328.056,11056.898
5,1342.175,11056.898
5,622.817,11056.898
5,579.535,11056.898
5,456.897,11056.898
5,264.06,11056.898
5,771.646,11056.898
5,700.574,11056.898
5,710.728,11056.898
5,710.728,11056.898
5,903.636,11056.898
5,954.403,11056.898
5,934.097,11056.898
5,903.638,11056.898
5,829.369,11056.898
5,873.175,11056.898
5,876.244,11056.898
5,831.441,11056.898
5,842.705,11056.898
5,802.093,11056.898
5,785.031,11056.898
5,720.87,11056.898
5,903.621,11056.898
5,872.264,11056.898
5,873.163,11056.898
5,863.011,11056.898
5,923.926,11056.898
5,934.079,11056.898
5,974.692,11056.898
5,934.08,11056.898
5,816.855,11056.898
5,852.853,11056.898
5,903.618,11056.898
5,903.619,11056.898
5,863.019,11056.898
5,873.173,11056.898
5,893.48,11056.898
5,852.868,11056.898
5,751.333,11056.898
5,781.793,11056.898
5,822.406,11056.898
5,893.478,11056.898
5,751.331,11056.898
5,791.944,11056.898
6,730.527,10021.532
6,709.702,10021.532
6,732.669,10021.532
6,763.653,10021.532
6,719.111,10021.532
6,744.3,10021.532
6,886.76,10021.532
6,990.86,10021.532
6,1027.283,10021.532
6,967.955,10021.532
6,768.718,10021.532
6,776.167,10021.532
6,833.239,10021.532
6,848.205,10021.532
6,567.428,10021.532
6,527.551,10021.532
6,633.061,10021.532
6,705.419,10021.532
6,624.281,10021.532
6,590.165,10021.532
6,556.757,10021.532
6,572.769,10021.532
6,1209.919,10021.532
6,1150.717,10021.532
6,1042.168,10021.532
6,1050.121,10021.532
6,1237.73,10021.532
6,1335.475,10021.532
6,1324.061,10021.532
6,1209.919,10021.532
6,1072.943,10021.532
6,1141.226,10021.532
6,1107.187,10021.532
6,1180.568,10021.532
6,911.886,10021.532
6,867.737,10021.532
6,864.683,10021.532
6,950.658,10021.532
6,710.862,10021.532
6,757.927,10021.532
6,794.498,10021.532
6,893.394,10021.532
6,572.762,10021.532
6,605.064,10021.532
6,642.628,10021.532
6,699.176,10021.532
6,492.012,10021.532
6,504.419,10021.532
6,539.291,10021.532
6,566.172,10021.532
6,346.202,10021.532
6,352.298,10021.532
6,375.482,10021.532
6,867.503,10021.532
6,825.964,10021.532
6,740.056,10021.532
6,637.126,10021.532
6,593.436,10021.532
6,606.921,10021.532
6,757.371,10021.532
6,848.979,10021.532
6,815.873,10021.532
6,813.93,10021.532
6,753.639,10021.532
6,599.532,10021.532
6,881.44,10021.532
6,854.551,10021.532
6,854.551,10021.532
6,789.813,10021.532
6,273.95,10021.532
6,163.559,10021.532
6,355.031,10021.532
6,376.68,10021.532
6,376.68,10021.532
6,296.779,10021.532
6,787.596,10021.532
6,781.661,10021.532
6,787.597,10021.532
6,776.182,10021.532
6,902.029,10021.532
6,776.18,10021.532
6,799.009,10021.532
6,844.668,10021.532
6,953.215,10021.532
6,981.637,10021.532
6,924.566,10021.532
6,935.448,10021.532
6,1062.233,10021.532
6,1050.122,10021.532
6,1004.465,10021.532
6,981.357,10021.532
6,476.582,10021.532
6,468.046,10021.532
6,376.68,10021.532
6,319.607,10021.532
6,692.974,10021.532
6,641.242,10021.532
6,563.89,10021.532
6,490.824,10021.532
6,776.185,10021.532
6,754.573,10021.532
7,303.815,8638.163
7,204.952,8638.163
7,365.591,8638.163
7,452.025,8638.163
7,457.2,8638.163
7,425.669,8638.163
7,533.355,8638.163
7,596.754,8638.163
7,690.585,8638.163
7,693.674,8638.163
7,448.782,8638.163
7,477.566,8638.163
7,527.355,8638.163
7,539.911,8638.163
7,465.729,8638.163
7,444.717,8638.163
7,515.275,8638.163
7,464.574,8638.163
7,535.093,8638.163
7,495.456,8638.163
7,495.457,8638.163
7,505.366,8638.163
7,709.443,8638.163
7,718.574,8638.163
7,715.702,8638.163
7,732.89,8638.163
7,592.676,8638.163
7,707.087,8638.163
7,690.588,8638.163
7,715.701,8638.163
7,627.806,8638.163
7,604.226,8638.163
7,585.994,8638.163
7,568.025,8638.163
7,707.011,8638.163
7,646.697,8638.163
7,630.469,8638.163
7,602.694,8638.163
7,818.231,8638.163
7,797.776,8638.163
7,797.776,8638.163
7,843.802,8638.163
7,792.66,8638.163
7,797.774,8638.163
7,813.116,8638.163
7,842.326,8638.163
7,759.301,8638.163
7,796.573,8638.163
7,818.131,8638.163
7,809.397,8638.163
7,568.924,8638.163
7,675.038,8638.163
7,690.38,8638.163
7,862.093,8638.163
7,852.184,8638.163
7,723.366,8638.163
7,604.457,8638.163
7,990.911,8638.163
7,961.184,8638.163
7,891.82,8638.163
7,862.093,8638.163
7,973.837,8638.163
7,1027.906,8638.163
7,1061.147,8638.163
7,1020.638,8638.163
7,828.46,8638.163
7,843.802,8638.163
7,928.516,8638.163
7,934.928,8638.163
7,472.964,8638.163
7,415.686,8638.163
7,371.085,8638.163
7,401.799,8638.163
7,599.088,8638.163
7,567.305,8638.163
7,551.792,8638.163
7,514.805,8638.163
7,746.589,8638.163
7,740.816,8638.163
7,654.091,8638.163
7,604.048,8638.163
7,678.034,8638.163
7,639.904,8638.163
7,690.591,8638.163
7,715.703,8638.163
7,305.021,8638.163
7,323.252,8638.163
8,1287.892,11467.301
8,1391.284,11467.301
8,1172.657,11467.301
8,1206.104,11467.301
8,1199.539,11467.301
8,1260.02,11467.301
8,795.131,11467.301
8,786.247,11467.301
8,806.407,11467.301
8,846.728,11467.301
8,907.207,11467.301
8,947.528,11467.301
8,897.127,11467.301
8,826.567,11467.301
8,770.914,11467.301
8,825.979,11467.301
8,881.045,11467.301
8,846.727,11467.301
8,824.798,11467.301
8,821.478,11467.301
8,748.887,11467.301
8,726.862,11467.301
8,1179.374,11467.301
8,1159.214,11467.301
8,1098.733,11467.301
8,1068.493,11467.301
8,1108.812,11467.301
8,1149.133,11467.301
8,1159.213,11467.301
8,1209.614,11467.301
8,1038.68,11467.301
8,1078.571,11467.301
8,1088.651,11467.301
8,1088.652,11467.301
8,816.488,11467.301
8,876.969,11467.301
8,917.289,11467.301
8,954.651,11467.301
8,781.922,11467.301
8,792.935,11467.301
8,814.961,11467.301
8,813.576,11467.301
8,693.817,11467.301
8,708.176,11467.301
8,704.831,11467.301
8,759.833,11467.301
8,521.225,11467.301
8,594.7,11467.301
8,595.826,11467.301
8,658.801,11467.301
8,242.285,11467.301
8,288.365,11467.301
8,341.402,11467.301
8,661.869,11467.301
8,748.886,11467.301
8,831.15,11467.301
8,814.964,11467.301
8,682.807,11467.301
8,726.859,11467.301
8,671.794,11467.301
8,671.794,11467.301
8,506.598,11467.301
8,572.676,11467.301
8,715.846,11467.301
8,717.457,11467.301
8,792.936,11467.301
8,737.871,11467.301
8,679.088,11467.301
8,539.637,11467.301
8,1144.412,11467.301
8,1332.154,11467.301
8,1224.519,11467.301
8,1268.523,11467.301
8,1267.259,11467.301
8,1505.978,11467.301
8,1453.399,11467.301
8,1369.35,11467.301
8,1375.61,11467.301
8,1384.731,11467.301
8,1460.557,11467.301
8,1487.729,11467.301
8,1568.42,11467.301
8,1149.137,11467.301
8,1149.137,11467.301
8,1139.057,11467.301
8,1153.197,11467.301
8,1068.494,11467.301
8,1028.174,11467.301
8,1048.334,11467.301
8,1149.137,11467.301
8,1028.173,11467.301
8,1028.173,11467.301
8,1008.013,11467.301
8,1018.094,11467.301
8,1028.172,11467.301
8,967.692,11467.301
8,957.612,11467.301
8,917.291,11467.301
8,1276.358,11467.301
8,1278.865,11467.301
8,1236.693,11467.301
8,1360.258,11467.301
8,1419.06,11467.301
8,1338.952,11467.301
8,1232.883,11467.301
8,1278.546,11467.301
8,1320.501,11467.301
8,1330.345,11467.301
9,1109.461,12900.651
9,1211.818,12900.651
9,1180.293,12900.651
9,1162.739,12900.651
9,1185.97,12900.651
9,1151.327,12900.651
9,1161.794,12900.651
9,1164.633,12900.651
9,1318.791,12900.651
9,1350.191,12900.651
9,1284.936,12900.651
9,1214.126,12900.651
9,1486.256,12900.651
9,1392.057,12900.651
9,1371.571,12900.651
9,1336.159,12900.651
9,973.398,12900.651
9,847.799,12900.651
9,868.732,12900.651
9,847.798,12900.651
9,1036.198,12900.651
9,1057.131,12900.651
9,1119.931,12900.651
9,1080.306,12900.651
9,1060.218,12900.651
9,1057.131,12900.651
9,1073.453,12900.651
9,1067.598,12900.651
9,1119.929,12900.651
9,1124.945,12900.651
9,1114.344,12900.651
9,1078.064,12900.651
9,2438.71,12900.651
9,2302.646,12900.651
9,2247.115,12900.651
9,2229.381,12900.651
9,2283.976,12900.651
9,2343.3,12900.651
9,2392.737,12900.651
9,2372.963,12900.651
9,2323.525,12900.651
9,2353.187,12900.651
9,2303.751,12900.651
9,2293.864,12900.651
9,2026.901,12900.651
9,2042.482,12900.651
9,2115.889,12900.651
9,2184.691,12900.651
9,1643.254,12900.651
9,1632.788,12900.651
9,1601.388,12900.651
9,1524.75,12900.651
9,1632.786,12900.651
9,1614.09,12900.651
9,1580.454,12900.651
9,1611.854,12900.651
9,1787.689,12900.651
9,1695.586,12900.651
9,1674.653,12900.651
9,1611.853,12900.651
9,2104.191,12900.651
9,1952.934,12900.651
9,1915.383,12900.651
9,1873.517,12900.651
9,1591.855,12900.651
9,1581.968,12900.651
9,1591.855,12900.651
9,1619.472,12900.651
9,1413.883,12900.651
9,1502.869,12900.651
9,1522.643,12900.651
9,1532.531,12900.651
9,1463.32,12900.651
9,1443.545,12900.651
9,1443.545,12900.651
9,1384.221,12900.651
9,1591.853,12900.651
9,1521.246,12900.651
9,1492.981,12900.651
9,1463.32,12900.651
9,1829.154,12900.651
9,1937.915,12900.651
9,1957.69,12900.651
9,1987.352,12900.651
9,2046.673,12900.651
9,1957.688,12900.651
9,1918.14,12900.651
9,1888.478,12900.651
9,1720.392,12900.651
9,1789.603,12900.651
9,1987.35,12900.651
9,2036.787,12900.651
9,1631.405,12900.651
9,1621.518,12900.651
9,1651.18,12900.651
9,1651.18,12900.651
9,1374.334,12900.651
9,2128.951,12900.651
9,2076.327,12900.651
9,1729.745,12900.651
9,1641.289,12900.651
9,1928.019,12900.651
9,2046.665,12900.651
9,2096.101,12900.651
9,2076.327,12900.651
9,1937.547,12900.651
9,1928.018,12900.651
9,1898.357,12900.651
9,1947.793,12900.651
9,1433.657,12900.651
9,1603.546,12900.651
9,1796.364,12900.651
9,1878.582,12900.651
9,701.267,12900.651
9,704.521,12900.651
9,732.667,12900.651
9,685.936,12900.651
9,648.933,12900.651
9,617.533,12900.651
9,596.6,12900.651
9,711.733,12900.651
9,795.466,12900.651
9,669.866,12900.651
9,659.399,12900.651
9,648.933,12900.651
9,879.198,12900.651
9,774.532,12900.651
9,735.995,12900.651
9,784.999,12900.651
10,927.664,6465.847
10,432.797,6465.847
10,422.493,6465.847
10,454.33,6465.847
10,412.188,6465.847
10,494.625,6465.847
10,525.539,6465.847
10,535.844,6465.847
10,514.134,6465.847
10,451.923,6465.847
10,463.711,6465.847
10,447.55,6465.847
10,432.797,6465.847
10,323.29,6465.847
10,319.445,6465.847
10,360.664,6465.847
10,614.657,6465.847
10,772.855,6465.847
10,480.429,6465.847
10,783.16,6465.847
10,865.598,6465.847
10,948.036,6465.847
10,649.198,6465.847
10,721.331,6465.847
10,742.461,6465.847
10,772.855,6465.847
10,535.845,6465.847
10,515.236,6465.847
10,552.383,6465.847
10,610.513,6465.847
10,501.121,6465.847
10,587.368,6465.847
10,540.819,6465.847
10,556.455,6465.847
10,875.904,6465.847
10,993.146,6465.847
10,873.095,6465.847
10,774.872,6465.847
10,1102.609,6465.847
10,1009.866,6465.847
10,886.235,6465.847
10,927.428,6465.847
10,1185.046,6465.847
10,1123.218,6465.847
10,1102.608,6465.847
10,1069.82,6465.847
10,1028.118,6465.847
10,1081.998,6465.847
10,1143.826,6465.847
10,1164.436,6465.847
10,678.219,6465.847
10,785.785,6465.847
10,811.591,6465.847
10,665.734,6465.847
10,818.527,6465.847
10,785.786,6465.847
10,807.613,6465.847
10,694.827,6465.847
10,971.319,6465.847
10,1025.888,6465.847
10,1014.974,6465.847
10,960.405,6465.847
10,785.786,6465.847
10,753.045,6465.847
10,916.751,6465.847
11,235.721,5087.64
11,638.411,5087.64
11,658.055,5087.64
11,638.411,5087.64
11,697.342,5087.64
11,540.194,5087.64
11,638.411,5087.64
11,618.768,5087.64
11,667.877,5087.64
11,491.085,5087.64
11,451.798,5087.64
11,412.512,5087.64
11,471.442,5087.64
11,333.938,5087.64
11,402.69,5087.64
11,471.442,5087.64
11,854.489,5087.64
11,864.311,5087.64
11,864.311,5087.64
11,883.954,5087.64
11,844.667,5087.64
11,864.31,5087.64
11,864.311,5087.64
11,844.667,5087.64
11,883.954,5087.64
11,972.35,5087.64
11,972.35,5087.64
11,874.132,5087.64
11,697.342,5087.64
11,736.629,5087.64
11,785.737,5087.64
11,815.202,5087.64
11,461.62,5087.64
11,491.085,5087.64
11,589.302,5087.64
11,530.372,5087.64
11,343.76,5087.64
11,373.225,5087.64
11,461.62,5087.64
11,481.264,5087.64
11,451.799,5087.64
11,373.225,5087.64
11,333.938,5087.64
11,324.116,5087.64
11,834.846,5087.64
11,756.272,5087.64
11,618.768,5087.64
11,510.729,5087.64
11,432.155,5087.64
11,402.69,5087.64
11,333.938,5087.64
12,954.317,7117.6
12,964.257,7117.6
12,1033.843,7117.6
12,1093.487,7117.6
12,984.14,7117.6
12,1023.903,7117.6
12,984.139,7117.6
12,994.08,7117.6
12,904.613,7117.6
12,874.791,7117.6
12,974.199,7117.6
12,974.199,7117.6
12,894.672,7117.6
12,795.264,7117.6
12,765.442,7117.6
12,878.612,7117.6
12,705.795,7117.6
12,646.15,7117.6
12,646.15,7117.6
12,666.032,7117.6
12,1182.953,7117.6
12,1043.782,7117.6
12,844.966,7117.6
12,755.499,7117.6
12,1282.361,7117.6
12,1342.006,7117.6
12,1351.946,7117.6
12,1381.769,7117.6
12,1063.665,7117.6
12,1103.428,7117.6
12,1153.131,7117.6
12,1212.776,7117.6
12,954.319,7117.6
12,864.851,7117.6
12,924.496,7117.6
12,934.437,7117.6
12,805.206,7117.6
12,894.674,7117.6
12,974.2,7117.6
12,1013.963,7117.6
12,576.568,7117.6
12,626.272,7117.6
12,666.035,7117.6
12,755.502,7117.6
12,526.863,7117.6
12,516.923,7117.6
12,556.686,7117.6
12,666.034,7117.6
12,669.129,7117.6
12,795.264,7117.6
12,835.027,7117.6
12,703.198,7117.6
12,695.857,7117.6
12,685.916,7117.6
12,715.738,7117.6
12,825.088,7117.6
12,765.443,7117.6
12,755.502,7117.6
12,685.916,7117.6
12,974.2,7117.6
12,994.082,7117.6
12,964.259,7117.6
12,861.784,7117.6
12,102.586,7117.6
12,546.742,7117.6
12,467.215,7117.6
12,387.689,7117.6
12,312.409,7117.6
12,566.624,7117.6
12,576.564,7117.6
12,556.683,7117.6
12,516.919,7117.6
13,920.537,4031.302
13,1061.747,4031.302
13,1100.47,4031.302
13,1078.011,4031.302
13,707.446,4031.302
13,669.266,4031.302
13,831.226,4031.302
13,909.573,4031.302
13,437.943,4031.302
13,527.778,4031.302
13,673.758,4031.302
13,673.758,4031.302
13,316.96,4031.302
13,325.65,4031.302
13,403.443,4031.302
13,1313.821,4031.302
13,1212.758,4031.302
13,1156.612,4031.302
13,983.773,4031.302
13,1459.802,4031.302
13,1486.619,4031.302
13,1403.656,4031.302
13,1369.968,4031.302
13,1316.758,4031.302
13,1338.54,4031.302
13,1414.886,4031.302
13,1434.995,4031.302
13,1122.928,4031.302
13,1044.323,4031.302
13,1122.928,4031.302
13,1146.66,4031.302
13,419.077,4031.302
13,280.73,4031.302
13,539.002,4031.302
13,516.544,4031.302
13,539.002,4031.302
13,460.397,4031.302
13,806.605,4031.302
13,782.244,4031.302
13,679.28,4031.302
13,561.461,4031.302
14,458.726,8081.52
14,494.189,8081.52
14,1317.066,8081.52
14,1295.993,8081.52
14,1200.13,8081.52
14,1116.871,8081.52
14,1411.896,8081.52
14,1413.725,8081.52
14,1401.359,8081.52
14,1384.944,8081.52
14,1434.551,8081.52
14,1369.751,8081.52
14,1464.579,8081.52
14,1464.579,8081.52
14,1633.165,8081.52
14,1596.7,8081.52
14,1517.263,8081.52
14,1485.653,8081.52
14,775.916,8081.52
14,732.244,8081.52
14,699.715,8081.52
14,677.975,8081.52
14,879.684,8081.52
14,883.092,8081.52
14,930.705,8081.52
14,885.065,8081.52
14,842.921,8081.52
14,835.892,8081.52
14,788.073,8081.52
14,821.847,8081.52
14,1085.261,8081.52
14,1032.578,8081.52
14,916.677,8081.52
14,885.067,8081.52
14,1822.829,8081.52
14,1580.488,8081.52
14,1580.488,8081.52
14,1548.963,8081.52
14,1664.781,8081.52
14,1801.988,8081.52
14,1770.146,8081.52
14,1797.14,8081.52
14,1180.099,8081.52
14,1224.279,8081.52
14,1442.08,8081.52
14,1559.415,8081.52
14,1211.708,8081.52
14,1148.489,8081.52
14,1148.489,8081.52
14,1591.02,8081.52
14,1527.8,8081.52
14,1432.971,8081.52
14,1485.653,8081.52
14,1475.119,8081.52
14,1506.728,8081.52
14,1531.244,8081.52
14,1574.601,8081.52
14,1412.085,8081.52
14,1359.217,8081.52
14,1443.51,8081.52
14,1443.51,8081.52
14,1517.268,8081.52
14,1488.96,8081.52
14,1559.413,8081.52
14,1548.876,8081.52
14,516.285,8081.52
14,415.797,8081.52
14,463.603,8081.52
14,463.603,8081.52
14,840.688,8081.52
14,727.014,8081.52
14,684.9,8081.52
14,629.113,8081.52
14,863.989,8081.52
14,916.671,8081.52
14,948.28,8081.52
14,923.951,8081.52
14,663.797,8081.52
14,615.776,8081.52
14,678.015,8081.52
14,760.822,8081.52
15,624.31,2787.295
15,647.926,2787.295
15,693.326,2787.295
15,684.6,2787.295
15,478.899,2787.295
15,523.498,2787.295
15,604.772,2787.295
15,621.018,2787.295
15,550.127,2787.295
15,494.789,2787.295
15,464.552,2787.295
15,437.988,2787.295
15,451.35,2787.295
15,574.578,2787.295
15,635.703,2787.295
15,379.963,2787.295
15,759.185,2787.295
15,544.263,2787.295
15,576.655,2787.295
15,461.799,2787.295
15,696.824,2787.295
15,676.207,2787.295
15,626.728,2787.295
15,709.048,2787.295
15,709.648,2787.295
15,733.5,2787.295
15,696.824,2787.295
15,678.043,2787.295
16,851.293,3920.734
16,815.322,3920.734
16,736.209,3920.734
16,743.382,3920.734
16,1078.634,3920.734
16,1025.214,3920.734
16,1016.252,3920.734
16,947.213,3920.734
16,671.445,3920.734
16,671.444,3920.734
16,741.309,3920.734
16,893.798,3920.734
16,605.316,3920.734
16,659.455,3920.734
16,683.435,3920.734
16,753.326,3920.734
16,719.398,3920.734
16,848.28,3920.734
16,804.688,3920.734
16,803.329,3920.734
16,756.637,3920.734
16,791.339,3920.734
16,791.338,3920.734
16,995.17,3920.734
16,902.122,3920.734
16,922.271,3920.734
16,883.095,3920.734
16,899.252,3920.734
16,961.166,3920.734
16,1095.751,3920.734
16,1067.111,3920.734
16,187.994,3920.734
16,599.784,3920.734
16,563.527,3920.734
16,464.509,3920.734
16,479.387,3920.734
16,821.809,3920.734
16,791.073,3920.734
16,736.203,3920.734
16,649.846,3920.734
17,1187.42,4063.184
17,1298.078,4063.184
17,1304.255,4063.184
17,1246.31,4063.184
17,879.784,4063.184
17,821.903,4063.184
17,916.378,4063.184
17,1095.761,4063.184
17,927.677,4063.184
17,949.243,4063.184
17,960.027,4063.184
17,974.866,4063.184
17,463.839,4063.184
17,439.894,4063.184
17,815.753,4063.184
17,926.077,4063.184
17,879.773,4063.184
17,868.197,4063.184
17,879.772,4063.184
17,1238.631,4063.184
17,1173.241,4063.184
17,1053.414,4063.184
17,946.129,4063.184
17,1348.11,4063.184
17,1201.844,4063.184
17,1168.86,4063.184
17,1261.784,4063.184
17,1173.309,4063.184
17,1146.029,4063.184
17,1171.902,4063.184
17,1261.788,4063.184
17,428.309,4063.184
17,236.469,4063.184
17,604.496,4063.184
17,612.255,4063.184
17,597.328,4063.184
17,476.717,4063.184
17,860.022,4063.184
17,830.138,4063.184
17,602.466,4063.184
17,612.256,4063.184
18,727.449,8316.887
18,707.788,8316.887
18,668.466,8316.887
18,344.063,8316.887
18,2630.955,8316.887
18,2633.397,8316.887
18,2581.79,8316.887
18,2473.641,8316.887
18,2662.949,8316.887
18,2665.149,8316.887
18,2597.475,8316.887
18,2705.773,8316.887
18,2240.327,8316.887
18,2171.02,8316.887
18,2279.679,8316.887
18,2331.825,8316.887
18,2473.652,8316.887
18,2394.189,8316.887
18,2342.973,8316.887
18,2276.283,8316.887
18,1834.113,8316.887
18,1901.226,8316.887
18,1975.932,8316.887
18,1887.456,8316.887
18,2169.468,8316.887
18,2247.938,8316.887
18,2268.958,8316.887
18,2207.298,8316.887
18,2434.163,8316.887
18,2200.839,8316.887
18,2161.825,8316.887
18,2169.47,8316.887
18,2394.694,8316.887
18,2368.378,8316.887
18,2383.866,8316.887
18,2376.092,8316.887
18,2051.431,8316.887
18,2075.378,8316.887
18,2105.245,8316.887
18,2217.007,8316.887
18,2089.277,8316.887
18,2119.016,8316.887
18,1992.399,8316.887
18,1986.827,8316.887
18,1714.971,8316.887
18,1753.516,8316.887
18,1803.617,8316.887
18,1918.61,8316.887
18,1638.459,8316.887
18,1710.523,8316.887
18,1705.944,8316.887
18,2333.877,8316.887
18,2412.285,8316.887
18,2513.126,8316.887
18,2494.746,8316.887
18,2197.344,8316.887
18,2243.283,8316.887
18,2258.041,8316.887
18,2302.603,8316.887
18,2447.344,8316.887
18,2268.511,8316.887
18,2154.734,8316.887
18,2157.871,8316.887
18,2302.611,8316.887
18,2416.995,8316.887
18,2415.493,8316.887
18,2381.555,8316.887
18,1081.346,8316.887
18,1042.024,8316.887
18,992.871,8316.887
18,963.379,8316.887
18,1242.508,8316.887
18,1140.331,8316.887
18,1159.991,8316.887
18,1081.347,8316.887
18,1563.045,8316.887
18,1454.909,8316.887
18,1445.077,8316.887
18,1356.602,8316.887
18,1828.472,8316.887
18,1818.64,8316.887
18,1818.639,8316.887
18,1720.333,8316.887
18,108.134,8316.887
19,559.322,1947.271
19,517.891,1947.271
19,507.532,1947.271
19,479.587,1947.271
19,631.828,1947.271
19,625.454,1947.271
19,600.754,1947.271
19,600.754,1947.271
19,476.462,1947.271
19,476.462,1947.271
19,580.04,1947.271
19,618.889,1947.271
19,300.379,1947.271
19,352.168,1947.271
19,427.232,1947.271
19,77.413,1947.271
19,476.458,1947.271
19,424.169,1947.271
19,393.419,1947.271
19,244.623,1947.271
20,704.356,2819.74
20,691.222,2819.74
20,588.859,2819.74
20,581.503,2819.74
20,902.607,2819.74
20,837.114,2819.74
20,754.023,2819.74
20,724.138,2819.74
20,1042.324,2819.74
20,1053.295,2819.74
20,1053.294,2819.74
20,1002.012,2819.74
20,919.021,2819.74
20,1042.325,2819.74
20,1075.24,2819.74
20,76.802,2819.74
20,32.915,2819.74
20,372.394,2819.74
20,175.547,2819.74
20,164.575,2819.74
20,131.66,2819.74
20,471.784,2819.74
20,469.781,2819.74
20,460.812,2819.74
20,438.868,2819.74
20,592.474,2819.74
20,564.033,2819.74
20,526.643,2819.74
20,504.7,2819.74
21,435.906,3140.493
21,455.719,3140.493
21,445.812,3140.493
21,425.998,3140.493
21,465.628,3140.493
21,465.628,3140.493
21,445.813,3140.493
21,445.813,3140.493
21,505.257,3140.493
21,485.443,3140.493
21,485.442,3140.493
21,479.985,3140.493
21,564.7,3140.493
21,544.886,3140.493
21,542.83,3140.493
21,336.833,3140.493
21,307.112,3140.493
21,49.534,3140.493
21,287.298,3140.493
21,267.484,3140.493
21,366.554,3140.493
21,396.275,3140.493
21,377.488,3140.493
21,367.438,3140.493
21,406.183,3140.493
21,307.114,3140.493
21,287.3,3140.493
21,342.69,3140.493
21,416.091,3140.493
21,455.718,3140.493
21,465.625,3140.493
21,465.625,3140.493
22,438.604,2811.047
22,428.635,2811.047
22,418.667,2811.047
22,398.73,2811.047
22,458.542,2811.047
22,468.51,2811.047
22,448.573,2811.047
22,448.573,2811.047
22,428.638,2811.047
22,418.669,2811.047
22,418.669,2811.047
22,448.574,2811.047
22,388.765,2811.047
22,408.702,2811.047
22,418.67,2811.047
22,299.045,2811.047
22,9.968,2811.047
22,428.632,2811.047
22,408.696,2811.047
22,368.823,2811.047
22,328.95,2811.047
22,468.506,2811.047
22,528.315,2811.047
22,548.251,2811.047
22,468.506,2811.047
22,388.762,2811.047
22,388.761,2811.047
22,428.634,2811.047
22,438.602,2811.047
23,671.059,4631.821
23,740.232,4631.821
23,772.91,4631.821
23,780.78,4631.821
23,289.842,4631.821
23,370.354,4631.821
23,458.555,4631.821
23,570.095,4631.821
23,196.672,4631.821
23,177.126,4631.821
23,198.294,4631.821
23,223.081,4631.821
23,223.081,4631.821
23,209.331,4631.821
23,198.294,4631.821
23,520.52,4631.821
23,500.877,4631.821
23,441.95,4631.821
23,471.413,4631.821
23,746.407,4631.821
23,697.301,4631.821
23,658.016,4631.821
23,589.268,4631.821
23,765.875,4631.821
23,827.764,4631.821
23,867.53,4631.821
23,844.977,4631.821
23,840.456,4631.821
23,819.06,4631.821
23,780.779,4631.821
23,780.778,4631.821
23,412.483,4631.821
23,422.304,4631.821
23,392.84,4631.821
23,157.136,4631.821
23,402.663,4631.821
23,402.663,4631.821
23,412.484,4631.821
23,402.662,4631.821
23,451.769,4631.821
23,451.769,4631.821
23,432.127,4631.821
23,412.484,4631.821
23,491.055,4631.821
23,510.697,4631.821
23,491.054,4631.821
23,481.233,4631.821
24,875.717,3663.648
24,852.487,3663.648
24,832.189,3663.648
24,809.936,3663.648
24,974.273,3663.648
24,1019.449,3663.648
24,974.272,3663.648
24,923.528,3663.648
24,943.829,3663.648
24,943.829,3663.648
24,933.68,3663.648
24,933.679,3663.648
24,786.148,3663.648
24,355.198,3663.648
24,845.986,3663.648
24,263.861,3663.648
24,893.086,3663.648
24,710.399,3663.648
24,679.953,3663.648
24,456.684,3663.648
24,608.913,3663.648
24,426.238,3663.648
24,517.576,3663.648
24,395.792,3663.648
24,730.698,3663.648
24,405.941,3663.648
24,730.697,3663.648
24,716.398,3663.648
24,700.251,3663.648
24,700.254,3663.648
24,704.751,3663.648
24,740.847,3663.648
24,750.996,3663.648
24,750.797,3663.648
24,690.107,3663.648
24,679.958,3663.648
24,659.66,3663.648
25,1110.055,2425.628
25,1059.938,2425.628
25,1049.746,2425.628
25,1029.362,2425.628
25,1070.133,2425.628
25,1110.9,2425.628
25,1131.282,2425.628
25,1141.473,2425.628
25,815.342,2425.628
25,876.492,2425.628
25,927.45,2425.628
25,1029.367,2425.628
25,601.316,2425.628
25,672.658,2425.628
25,764.383,2425.628
25,377.091,2425.628
25,143.232,2425.628
25,713.417,2425.628
25,679.85,2425.628
25,601.308,2425.628
25,529.966,2425.628
25,1008.978,2425.628
25,937.635,2425.628
25,879.872,2425.628
25,845.909,2425.628
26,3025.015,7611.667
26,2936.619,7611.667
26,2779.474,7611.667
26,2681.258,7611.667
26,3113.416,7611.667
26,3142.878,7611.667
26,3103.59,7611.667
26,3074.124,7611.667
26,3290.211,7611.667
26,3250.923,7611.667
26,3241.099,7611.667
26,3152.704,7611.667
26,3624.152,7611.667
26,3624.15,7611.667
26,3506.289,7611.667
26,3388.428,7611.667
26,2033.025,7611.667
26,1905.346,7611.667
26,1797.31,7611.667
26,1649.988,7611.667
26,2249.101,7611.667
26,2170.528,7611.667
26,2101.777,7611.667
26,2072.312,7611.667
26,2455.357,7611.667
26,2445.534,7611.667
26,2357.139,7611.667
26,2327.674,7611.667
26,2612.506,7611.667
26,2573.219,7611.667
26,2514.288,7611.667
26,2504.465,7611.667
26,3103.649,7611.667
26,3133.112,7611.667
26,3152.753,7611.667
26,3152.751,7611.667
26,2475.068,7611.667
26,2553.64,7611.667
26,2661.677,7611.667
26,2966.147,7611.667
26,2229.531,7611.667
26,2317.925,7611.667
26,2347.389,7611.667
26,2396.496,7611.667
26,2052.744,7611.667
26,2121.495,7611.667
26,2150.958,7611.667
26,3447.373,7611.667
26,3427.727,7611.667
26,3506.298,7611.667
26,3614.333,7611.667
26,3938.461,7611.667
26,3771.492,7611.667
26,3722.381,7611.667
26,3653.628,7611.667
26,3692.931,7611.667
26,3928.647,7611.667
26,4056.326,7611.667
26,4085.788,7611.667
26,3192.036,7611.667
26,3290.25,7611.667
26,3457.216,7611.667
26,3545.608,7611.667
26,304.46,7611.667
26,49.106,7611.667
26,883.917,7611.667
26,716.955,7611.667
26,589.277,7611.667
26,451.779,7611.667
26,1257.13,7611.667
26,1109.809,7611.667
26,1041.059,7611.667
26,942.846,7611.667
26,1581.238,7611.667
26,1492.845,7611.667
26,1345.523,7611.667
26,1266.952,7611.667
27,1797.379,4773.328
27,1826.843,4773.328
27,2052.742,4773.328
27,2121.493,4773.328
27,1325.939,4773.328
27,1551.838,4773.328
27,1689.342,4773.328
27,1767.915,4773.328
27,1149.15,4773.328
27,1109.862,4773.328
27,1090.218,4773.328
27,1149.148,4773.328
27,913.428,4773.328
27,1011.646,4773.328
27,1178.616,4773.328
27,2160.762,4773.328
27,2062.544,4773.328
27,1993.791,4773.328
27,1895.574,4773.328
27,2406.309,4773.328
27,2445.594,4773.328
27,2455.414,4773.328
27,2298.266,4773.328
27,2327.741,4773.328
27,2337.562,4773.328
27,2386.669,4773.328
27,2425.954,4773.328
27,2101.848,4773.328
27,2190.242,4773.328
27,2219.706,4773.328
27,2298.278,4773.328
27,589.293,4773.328
27,559.828,4773.328
27,530.363,4773.328
27,402.683,4773.328
27,1149.124,4773.328
27,844.654,4773.328
27,726.795,4773.328
27,618.758,4773.328
27,1551.812,4773.328
27,1541.989,4773.328
27,1483.059,4773.328
27,1306.27,4773.328
27,1846.464,4773.328
27,1797.355,4773.328
27,1708.96,4773.328
27,1640.207,4773.328
27,225.895,4773.328
28,650.407,2621.333
28,650.406,2621.333
28,640.551,2621.333
28,650.406,2621.333
28,699.682,2621.333
28,689.827,2621.333
28,670.117,2621.333
28,660.262,2621.333
28,719.393,2621.333
28,709.538,2621.333
28,699.683,2621.333
28,699.682,2621.333
28,561.719,2621.333
28,640.556,2621.333
28,679.975,2621.333
28,650.402,2621.333
28,571.565,2621.333
28,315.346,2621.333
28,197.091,2621.333
28,689.822,2621.333
28,679.967,2621.333
28,670.112,2621.333
28,670.111,2621.333
28,670.114,2621.333
28,660.259,2621.333
28,660.259,2621.333
28,670.113,2621.333
29,552.317,3012.628
29,532.232,3012.628
29,572.4,3012.628
29,572.4,3012.628
29,502.107,3012.628
29,461.938,3012.628
29,522.191,3012.628
29,582.443,3012.628
29,482.024,3012.628
29,475.493,3012.628
29,532.234,3012.628
29,522.192,3012.628
29,471.983,3012.628
29,461.94,3012.628
29,482.024,3012.628
29,230.966,3012.628
29,168.105,3012.628
29,110.462,3012.628
29,30.126,3012.628
29,602.523,3012.628
29,542.27,3012.628
29,492.06,3012.628
29,341.429,3012.628
29,572.398,3012.628
29,602.524,3012.628
29,612.565,3012.628
29,612.565,3012.628
29,582.442,3012.628
29,632.652,3012.628
29,612.567,3012.628
29,622.609,3012.628
30,279.211,5734.064
30,1035.596,5734.064
30,1068.646,5734.064
30,1090.68,5734.064
30,1085.65,5734.064
30,740.319,5734.064
30,903.393,5734.064
30,990.013,5734.064
30,1002.545,5734.064
30,528.816,5734.064
30,517.799,5734.064
30,517.799,5734.064
30,605.935,5734.064
30,319.493,5734.064
30,308.476,5734.064
30,457.018,5734.064
30,506.269,5734.064
30,452.529,5734.064
30,507.176,5734.064
30,627.772,5734.064
30,697.254,5734.064
30,656.594,5734.064
30,529.948,5734.064
30,516.029,5734.064
30,1104.884,5734.064
30,1028.556,5734.064
30,910.778,5734.064
30,815.033,5734.064
30,1134.747,5734.064
30,1189.003,5734.064
30,1167.797,5734.064
30,1123.729,5734.064
30,637.893,5734.064
30,597.391,5734.064
30,546.764,5734.064
30,475.887,5734.064
30,689.946,5734.064
30,698.646,5734.064
30,688.52,5734.064
30,658.144,5734.064
30,645.824,5734.064
30,678.397,5734.064
30,719.643,5734.064
30,708.772,5734.064
30,769.527,5734.064
30,749.276,5734.064
30,708.774,5734.064
30,678.397,5734.064
30,121.502,5734.064
30,81.002,5734.064
30,60.751,5734.064
30,182.254,5734.064
30,192.379,5734.064
30,232.88,5734.064
30,283.506,5734.064
30,415.135,5734.064
30,415.135,5734.064
30,405.01,5734.064
31,1014.418,3430.202
31,951.671,3430.202
31,972.586,3430.202
31,962.129,3430.202
31,972.586,3430.202
31,972.586,3430.202
31,1003.96,3430.202
31,1013.348,3430.202
31,878.464,3430.202
31,899.38,3430.202
31,941.212,3430.202
31,972.586,3430.202
31,658.848,3430.202
31,710.226,3430.202
31,780.643,3430.202
31,575.187,3430.202
31,554.272,3430.202
31,407.861,3430.202
31,512.44,3430.202
31,303.281,3430.202
31,428.776,3430.202
31,240.533,3430.202
31,857.552,3430.202
31,91.484,3430.202
31,845.478,3430.202
31,805.262,3430.202
31,663.724,3430.202
31,951.672,3430.202
31,924.529,3430.202
31,878.467,3430.202
31,868.009,3430.202
31,941.213,3430.202
31,945.776,3430.202
31,951.671,3430.202
31,974.513,3430.202
33,878.884,5826.612
33,2863.424,5826.612
33,2855.997,5826.612
33,2615.128,5826.612
33,2540.639,5826.612
33,2833.05,5826.612
33,2877.595,5826.612
33,2877.869,5826.612
33,2877.598,5826.612
33,2397.451,5826.612
33,2696.842,5826.612
33,2764.945,5826.612
33,2792.187,5826.612
33,1600.392,5826.612
33,2196.941,5826.612
33,2282.223,5826.612
33,1599.323,5826.612
33,1620.84,5826.612
33,1663.722,5826.612
33,1695.921,5826.612
33,2069.608,5826.612
33,1961.491,5826.612
33,1879.629,5826.612
33,1601.821,5826.612
33,2034.959,5826.612
33,2083.781,5826.612
33,2179.276,5826.612
33,2176.247,5826.612
33,2431.848,5826.612
33,2165.653,5826.612
33,2070.681,5826.612
33,2043.07,5826.612
33,1247.443,5826.612
33,1225.853,5826.612
33,1225.853,5826.612
33,1156.953,5826.612
33,1375.676,5826.612
33,1329.562,5826.612
33,1297.364,5826.612
33,1275.793,5826.612
33,1577.849,5826.612
33,1528.679,5826.612
33,1484.64,5826.612
33,1449.552,5826.612
33,1661.703,5826.612
33,1661.704,5826.612
33,1656.399,5826.612
33,1613.752,5826.612
33,590.06,5826.612
33,510.321,5826.612
33,395.499,5826.612
33,217.931,5826.612
33,848.101,5826.612
33,817.238,5826.612
33,793.831,5826.612
33,679.516,5826.612
33,1094.739,5826.612
33,1035.167,5826.612
33,929.448,5826.612
34,1552.762,3549.185
34,1499.948,3549.185
34,1489.385,3549.185
34,1447.134,3549.185
34,1690.077,3549.185
34,1626.7,3549.185
34,1647.827,3549.185
34,1595.013,3549.185
34,1264.647,3549.185
34,1418.879,3549.185
34,1542.194,3549.185
34,1668.95,3549.185
34,1027.663,3549.185
34,179.574,3549.185
34,1170.776,3549.185
34,1214.74,3549.185
34,739.417,3549.185
34,697.165,3549.185
34,527.262,3549.185
34,640.59,3549.185
34,454.215,3549.185
34,580.972,3549.185
34,327.76,3549.185
34,950.677,3549.185
34,200.7,3549.185
34,887.299,3549.185
34,845.047,3549.185
34,797.517,3549.185
34,1109.12,3549.185
34,1045.743,3549.185
34,992.928,3549.185
34,992.929,3549.185
34,1383.757,3549.185
34,1327.459,3549.185
34,1235.876,3549.185
34,1191.338,3549.185
35,474.935,2610.268
35,446.199,2610.268
35,435.045,2610.268
35,423.89,2610.268
35,546.593,2610.268
35,517.582,2610.268
35,513.129,2610.268
35,501.974,2610.268
35,423.887,2610.268
35,457.352,2610.268
35,513.127,2610.268
35,520.544,2610.268
35,269.312,2610.268
35,290.028,2610.268
35,349.868,2610.268
35,316.07,2610.268
35,260.366,2610.268
35,113.318,2610.268
35,22.044,2610.268
35,405.984,2610.268
35,412.736,2610.268
35,390.426,2610.268
35,356.962,2610.268
35,426.863,2610.268
35,435.045,2610.268
35,423.891,2610.268
35,425.423,2610.268
36,308.003,2580.856
36,350.486,2580.856
36,403.03,2580.856
36,382.349,2580.856
36,286.761,2580.856
36,288.283,2580.856
36,286.953,2580.856
36,286.761,2580.856
36,138.07,2580.856
36,169.932,2580.856
36,212.415,2580.856
36,258.085,2580.856
36,159.311,2580.856
36,138.07,2580.856
36,127.449,2580.856
36,350.489,2580.856
36,277.951,2580.856
36,127.508,2580.856
36,426.914,2580.856
36,446.076,2580.856
36,456.697,2580.856
36,424.834,2580.856
36,392.97,2580.856
36,403.591,2580.856
36,382.35,2580.856
36,446.075,2580.856
37,776.971,3009.541
37,757.302,3009.541
37,747.467,3009.541
37,737.632,3009.541
37,786.804,3009.541
37,826.145,3009.541
37,855.651,3009.541
37,826.146,3009.541
37,590.102,3009.541
37,609.772,3009.541
37,688.453,3009.541
37,757.299,3009.541
37,383.565,3009.541
37,481.916,3009.541
37,550.761,3009.541
37,216.374,3009.541
37,118.022,3009.541
37,118.022,3009.541
37,19.67,3009.541
37,304.89,3009.541
37,295.055,3009.541
37,295.055,3009.541
37,255.714,3009.541
37,472.086,3009.541
37,393.405,3009.541
37,344.23,3009.541
37,334.395,3009.541
37,698.292,3009.541
37,649.117,3009.541
37,560.602,3009.541
37,511.426,3009.541
38,1664.961,4287.054
38,1575.233,4287.054
38,1555.295,4287.054
38,1615.115,4287.054
38,1794.564,4287.054
38,1804.535,4287.054
38,1766.541,4287.054
38,1714.809,4287.054
38,1565.255,4287.054
38,1615.105,4287.054
38,1694.864,4287.054
38,1744.714,4287.054
38,1515.403,4287.054
38,1505.434,4287.054
38,1525.375,4287.054
38,1146.542,4287.054
38,1156.512,4287.054
38,1166.483,4287.054
38,1177.751,4287.054
38,1306.057,4287.054
38,1236.269,4287.054
38,1176.45,4287.054
38,1156.511,4287.054
38,1485.512,4287.054
38,1455.603,4287.054
38,1395.784,4287.054
38,1355.906,4287.054
38,1595.176,4287.054
38,1575.237,4287.054
38,1525.389,4287.054
38,1515.42,4287.054
38,558.32,4287.054
38,518.44,4287.054
38,488.53,4287.054
38,388.831,4287.054
38,867.388,4287.054
38,775.56,4287.054
38,667.989,4287.054
38,608.17,4287.054
38,1086.725,4287.054
38,1006.966,4287.054
38,947.146,4287.054
38,897.297,4287.054
32,309.365,5396.653
32,2753.609,5396.653
32,2774.141,5396.653
32,1778.061,5396.653
32,568.41,5396.653
32,2446.761,5396.653
32,2593.025,5396.653
32,2704.042,5396.653
32,2743.511,5396.653
32,2314.473,5396.653
32,2325.931,5396.653
32,2325.932,5396.653
32,2337.391,5396.653
32,299.347,5396.653
32,2033.121,5396.653
32,2179.829,5396.653
32,1546.818,5396.653
32,2486.155,5396.653
32,2726.93,5396.653
32,1778.061,5396.653
32,1920.6,5396.653
32,2778.654,5396.653
32,2620.376,5396.653
32,2711.115,5396.653
32,2694.533,5396.653
32,2578.467,5396.653
32,2795.707,5396.653
32,2749.887,5396.653
32,2776.167,5396.653
32,710.393,5396.653
32,2600.929,5396.653
32,705.666,5396.653
32,2543.64,5396.653
32,805.966,5396.653
32,1180.166,5396.653
32,2784.25,5396.653
32,2704.047,5396.653
32,1099.961,5396.653
32,1500.987,5396.653
32,1018.451,5396.653
32,849.312,5396.653
32,1248.913,5396.653
32,2096.918,5396.653
32,1157.251,5396.653
32,1134.335,5396.653
32,1959.282,5396.653
32,2749.89,5396.653
32,1443.698,5396.653
32,1374.951,5396.653
32,744.767,5396.653
32,710.393,5396.653
32,1797.957,5396.653
32,1604.108,5396.653
32,568.41,5396.653
32,805.966,5396.653
32,309.365,5396.653
32,245.744,5396.653
32,245.744,5396.653
32,744.767,5396.653
32,705.666,5396.653
32,131.882,5396.653
32,2670.697,5396.653
32,1132.905,5396.653
32,299.347,5396.653
