X,Y,Z,Type
750249.8685,2318968.121,763.88,Divide
750141.7917,2318595.848,824.97,Divide
750053.3653,2318223.575,879.18,Divide
750092.6659,2317841.477,917.63,Divide
750038.0476,2317455.046,953.55,Divide
756321.8174,2301017.553,366.51,Divide
756223.5658,2301399.651,421.89,Divide
756117.6553,2301793.741,485.71,Divide
756076.1884,2302173.673,542.02,Divide
755977.9368,2302575.421,612.28,Divide
755830.5594,2302928.044,681.81,Divide
755683.182,2303261.016,687.46,Divide
755535.8046,2303613.638,740.14,Divide
757994.2609,2315372.112,183.88,Divide
757533.5615,2315372.112,328.08,Divide
757180.9389,2315264.035,406.19,Divide
756808.666,2315332.811,506.63,Divide
756416.7428,2315244.385,617.41,Divide
752155.9495,2316413.579,1014,Divide
752009.6553,2316099.174,1046.8,Divide
751967.1052,2315715.993,1148.5,Divide
747302.3205,2305497.826,196.65,Divide
747645.1179,2305537.127,282.88,Divide
749110.1499,2304348.282,225.51,Divide
749011.8983,2304414.892,179.43,Divide
755103.4975,2322750.807,191.05,Divide
755015.0711,2322358.884,274.11,Divide
754818.5679,2322075.037,348.09,Divide
754641.715,2321751.89,352.71,Divide
754445.2118,2321448.393,340.17,Divide
754307.6596,2321125.246,346.03,Divide
754068.5295,2320864.376,398.34,Divide
754108.9133,2320500.845,442.16,Divide
754012.9048,2320136.155,479.68,Divide
753924.4783,2319724.581,575.24,Divide
753817.408,2319370.952,609.02,Divide
753804.4868,2318958.295,677.85,Divide
746221.5529,2317150.466,599.1,Divide
746339.4548,2323811.924,198.77,Divide
746634.2096,2323606.679,225.13,Divide
743853.6893,2309928.973,131.02,Divide
744217.2203,2310065.442,181.94,Divide
744588.41,2310174.602,235.1,Divide
745068.7597,2310174.602,307.19,Divide
746516.3077,2324008.428,178.27,Divide
746702.9857,2323695.106,224.06,Divide
756724.6489,2315647.216,498.34,Divide
756459.3696,2315412.496,564.31,Divide
757688.5978,2305733.63,380.34,Divide
757316.3249,2305625.553,531.05,Divide
756845.8003,2305655.029,700.76,Divide
756463.7023,2305713.98,812.06,Divide
756042.3035,2305733.63,940.39,Divide
755719.1564,2305812.231,992.87,Divide
752607.9069,2321483.361,515.24,Divide
758188.5978,2312159.285,237.1,Divide
757904.7513,2311943.131,342.29,Divide
757512.8281,2311874.355,486.58,Divide
757150.3803,2311992.257,578.96,Divide
756184.2651,2321394.935,306,Divide
755988.8451,2321149.306,297,Divide
755793.4251,2320884.027,323.87,Divide
755693.0071,2320543.396,369.14,Divide
755575.1052,2320220.248,420.87,Divide
755211.5743,2320083.779,491.93,Divide
755172.2737,2319780.283,516.08,Divide
747705.1521,2305458.526,287.63,Divide
747803.4037,2307413.732,663.02,Divide
748216.0604,2307383.174,769.23,Divide
748616.7256,2307384.257,938.59,Divide
744266.3461,2315784.769,351.55,Divide
744609.1435,2315647.216,387.89,Divide
744904.9815,2315659.208,432.43,Divide
745176.8365,2315431.063,503.32,Divide
754170.1073,2312866.696,1328,Divide
753953.9538,2312582.85,1432.6,Divide
750554.4485,2316354.628,1076.1,Divide
750544.6233,2315982.355,1113.2,Divide
750367.7704,2315659.208,1179.9,Divide
744679.0028,2309958.449,232.58,Divide
745013.0582,2310124.393,293.12,Divide
754504.1628,2303355.941,757.22,Divide
754583.8472,2303758.773,829.06,Divide
754415.7363,2304090.662,886.59,Divide
754120.9815,2316993.263,842.88,Divide
753846.9602,2317120.99,884.54,Divide
753533.6383,2317032.564,951.1,Divide
756911.327,2301842.867,405.27,Divide
757510.6617,2317229.067,242.81,Divide
757138.3888,2317179.941,252.97,Divide
756815.2417,2317081.69,332.2,Divide
756498.6703,2316898.261,404.51,Divide
756257.3739,2316639.558,514.06,Divide
755904.7513,2316492.18,624.1,Divide
755634.0562,2316262.875,716.24,Divide
755506.3291,2315910.253,823.88,Divide
756567.4464,2318408.086,387.7,Divide
755300.0007,2319439.728,502.34,Divide
754179.9325,2322573.954,248.01,Divide
754161.3653,2322190.773,263.23,Divide
753924.4783,2321927.66,357.63,Divide
753649.3739,2321781.366,431.38,Divide
753525.9794,2321483.361,428.38,Divide
753305.4933,2321223.498,397.74,Divide
753148.2907,2320900.351,466.85,Divide
752863.3611,2320685.28,527.89,Divide
752637.3824,2320411.259,603.9,Divide
752539.1308,2320048.811,642.45,Divide
752391.7534,2319755.14,677.72,Divide
748284.8365,2320785.775,526.46,Divide
748451.8642,2320472.453,544.31,Divide
748665.8514,2320225.741,600.5,Divide
755290.1756,2301774.091,481,Divide
755300.0007,2302126.713,562.47,Divide
755358.9517,2302528.462,638.56,Divide
755231.2246,2302802.483,690.34,Divide
742566.5934,2320294.517,105.54,Divide
742704.1456,2319991.02,124.07,Divide
742888.6573,2319675.532,146.06,Divide
752657.0327,2302894.159,435.45,Divide
752911.4037,2303139.788,546.09,Divide
753099.1649,2303452.027,672.92,Divide
753217.0668,2303834.125,816.34,Divide
753325.1436,2304167.097,896.84,Divide
753393.9197,2304559.02,970.3,Divide
745504.3162,2314419.071,583.89,Divide
745935.5401,2314389.596,664.54,Divide
746307.813,2314281.519,739.63,Divide
746670.2608,2314281.519,809.47,Divide
746993.4079,2314163.617,875.11,Divide
747385.3311,2314094.841,904.54,Divide
747826.3802,2314035.89,980.9,Divide
748247.7789,2313976.939,1061.3,Divide
748629.877,2313898.338,1183.9,Divide
748943.1989,2313711.66,1261.6,Divide
749306.6531,2313575.114,1281.7,Divide
749697.5699,2313466.031,1370.8,Divide
746683.3354,2321149.306,406.18,Divide
746928.9644,2320894.935,434.63,Divide
747194.2437,2320679.865,468,Divide
747397.3226,2320382.944,493.99,Divide
747547.9495,2320033.57,518.87,Divide
747724.8024,2319710.423,550.02,Divide
747954.1073,2319439.728,611.2,Divide
748184.3419,2319174.449,710.5,Divide
741878.8322,2316423.404,114.72,Divide
742152.8535,2316197.425,133.98,Divide
742318.7981,2315961.622,147.3,Divide
742641.9452,2315784.769,167.09,Divide
743014.2181,2315657.042,196.71,Divide
743425.7917,2315706.167,249.39,Divide
743827.5401,2315686.517,296.45,Divide
744219.4633,2315578.44,347.46,Divide
744532.7853,2315391.762,395.3,Divide
744983.6595,2315381.937,461.42,Divide
748235.7107,2312395.088,1187.3,Divide
748569.7661,2312229.144,1259.5,Divide
748931.1307,2312110.159,1326.5,Divide
749336.1286,2312054.457,1413.2,Divide
749656.0263,2311874.355,1490.9,Divide
750067.5998,2311903.83,1583.7,Divide
750459.5231,2311795.754,1668.4,Divide
754504.1628,2302098.321,482.91,Divide
754768.3589,2302334.125,558.22,Divide
754985.5956,2302616.888,638.29,Divide
755129.7235,2302953.11,685.97,Divide
746161.5188,2308386.423,299.62,Divide
746484.6659,2308563.276,420.15,Divide
746860.1883,2308687.754,566.42,Divide
747180.0859,2308867.856,675.73,Divide
747552.3589,2308975.933,840.02,Divide
747914.8066,2309113.485,966.54,Divide
748346.0305,2309182.261,1077.1,Divide
748728.1286,2309300.163,1235,Divide
749120.0518,2309388.59,1343.6,Divide
743116.8023,2321650.389,100.87,Divide
743390.8237,2321424.411,130.64,Divide
743664.845,2321296.683,157.77,Divide
743978.1669,2321110.005,188.09,Divide
744320.9644,2320952.803,216.54,Divide
744614.636,2320766.125,253.69,Divide
744947.6083,2320677.698,282.37,Divide
745280.5806,2320510.671,317.75,Divide
745564.4271,2320294.517,351.19,Divide
745907.2245,2320235.566,394.32,Divide
746269.6723,2320156.965,424.48,Divide
746553.5187,2319940.811,465.4,Divide
746837.3652,2319724.658,517.07,Divide
743115.7192,2312670.193,181.76,Divide
743487.9921,2312778.27,240.47,Divide
743860.265,2312905.997,277.38,Divide
744134.2863,2313131.975,331.79,Divide
744545.8599,2313200.752,426.55,Divide
744977.0838,2313171.276,495.98,Divide
745388.6573,2313161.451,563.54,Divide
745751.1051,2313181.101,615.51,Divide
746201.9793,2313230.227,703.07,Divide
746544.7767,2313387.43,788.33,Divide
743824.2139,2323251.89,99.001,Divide
743971.5913,2322977.869,101.69,Divide
744217.2203,2322743.148,126.57,Divide
744548.0262,2322573.954,174.07,Divide
744875.506,2322401.434,200,Divide
745027.2927,2322072.871,246.02,Divide
745183.4121,2321768.291,271.02,Divide
745447.6083,2321532.487,290.48,Divide
745751.1051,2321335.984,331.09,Divide
745985.8258,2321070.705,364.72,Divide
746172.4271,2320757.306,382.79,Divide
746418.0561,2320502.935,433.8,Divide
746771.7619,2320356.641,453.63,Divide
747013.1349,2320117.664,511.31,Divide
747159.4292,2319763.958,554.39,Divide
743755.4377,2313446.381,305.19,Divide
744088.41,2313593.758,361.93,Divide
744480.3333,2313662.534,422.15,Divide
744901.732,2313662.534,479.38,Divide
745274.0049,2313593.758,544.81,Divide
745695.4036,2313534.807,621.27,Divide
746087.3268,2313446.381,704.25,Divide
746528.3759,2313426.73,787.39,Divide
757825.0669,2304312.231,318.64,Divide
757544.4699,2304092.828,438.5,Divide
757123.0711,2304073.178,527.97,Divide
756704.9986,2304109.152,637.58,Divide
756370.9432,2304242.449,685.18,Divide
756045.553,2304417.059,756.78,Divide
755791.2587,2304662.764,811.1,Divide
755791.2587,2305064.513,880.53,Divide
755702.8323,2305476.086,960.51,Divide
755457.2033,2305730.457,1021.4,Divide
757039.0541,2309025.059,740.97,Divide
756725.7321,2309211.737,805.7,Divide
756302.1671,2309288.172,1027.9,Divide
756429.8941,2318565.289,421.81,Divide
750623.2246,2314252.044,1324.2,Divide
750575.1819,2313839.387,1449.2,Divide
757314.1585,2301155.105,258.99,Divide
757058.7044,2301399.651,320.2,Divide
756825.0669,2301666.014,392.23,Divide
741927.958,2319518.329,86.015,Divide
742329.7064,2319420.078,119.04,Divide
742723.7959,2319486.688,139.21,Divide
744030.5422,2320667.873,205.13,Divide
744353.6893,2320491.02,243.97,Divide
744629.877,2320267.208,258.44,Divide
744960.6829,2320156.965,289.81,Divide
745283.8301,2320039.063,323.79,Divide
745632.0433,2319887.276,369.27,Divide
745920.2991,2319675.532,406.24,Divide
746263.0966,2319655.882,448.11,Divide
746527.2927,2319498.679,509.88,Divide
746762.0134,2319233.4,550.96,Divide
746968.2651,2318959.302,589.15,Divide
751861.1947,2303670.346,316.3,Divide
752036.9645,2303994.577,362.71,Divide
752214.9005,2304316.641,453.73,Divide
752431.054,2304600.487,588.8,Divide
752809.9026,2304603.737,740.31,Divide
753177.7662,2304471.6,907.39,Divide
753177.7662,2323576.121,255.04,Divide
753021.6468,2323232.24,272.17,Divide
752873.1862,2322900.351,307.95,Divide
752748.7086,2322583.779,347.48,Divide
752651.5402,2322220.248,433.7,Divide
752534.7214,2321856.718,473.31,Divide
752499.8301,2321529.161,509.74,Divide
755280.3504,2316187.6,763.16,Divide
755358.9517,2315785.852,847.29,Divide
741318.7981,2316177.775,103.12,Divide
741564.4271,2315923.404,116,Divide
741876.6659,2315735.643,129.02,Divide
742229.2885,2315588.265,147.94,Divide
742552.4356,2315411.413,167.48,Divide
742885.4079,2315244.385,189.19,Divide
753433.2203,2315440.888,1092.3,Divide
753336.0519,2315077.357,1137.8,Divide
753081.6809,2314831.728,1146.1,Divide
752788.0093,2314625.4,1220.2,Divide
752509.6553,2314403.754,1357.5,Divide
757098.005,2302324.299,416.42,Divide
756814.1585,2302540.453,489.52,Divide
756491.0114,2302717.306,568.07,Divide
756226.8153,2302953.11,614.81,Divide
743499.9836,2310351.455,115.91,Divide
743950.8578,2310341.63,167.26,Divide
744344.9473,2310408.24,218.73,Divide
744754.3546,2310459.532,278.36,Divide
745146.2778,2310528.308,354.44,Divide
747380.9218,2315706.167,892.07,Divide
747537.0412,2315421.238,914.86,Divide
747754.2779,2315138.474,966.02,Divide
747940.9559,2314825.152,1031.1,Divide
751920.1457,2324814.091,215.2,Divide
751900.4954,2324431.993,250.25,Divide
751920.1457,2324030.244,277.37,Divide
751821.8941,2323707.097,299.43,Divide
751831.7193,2323275.873,332.87,Divide
751802.2438,2322864.3,374.28,Divide
751694.167,2322492.027,416.34,Divide
751645.0412,2322119.754,473.79,Divide
751684.3419,2321776.956,502.38,Divide
751733.4677,2321365.383,538.33,Divide
751723.6425,2320993.11,578.29,Divide
751696.2566,2320638.398,609.52,Divide
751527.1393,2320307.515,658.14,Divide
746221.5529,2306303.489,246.19,Divide
746564.3503,2306421.391,219.69,Divide
746899.4889,2306586.253,287.29,Divide
747279.4207,2306667.02,313.23,Divide
747749.9452,2306696.496,493.5,Divide
748102.5678,2306843.873,658.4,Divide
748422.3887,2307004.402,806.76,Divide
748658.1926,2307268.598,946.65,Divide
740699.813,2315509.664,54.068,Divide
741062.2607,2315372.112,92.193,Divide
741436.7,2315325.152,120.42,Divide
741787.1563,2315313.161,130.06,Divide
742188.9047,2315234.56,149.33,Divide
742527.2927,2315072.948,174.07,Divide
742933.4505,2315038.057,195.95,Divide
750809.9026,2322966.961,380.98,Divide
750898.3291,2322614.338,419.74,Divide
750967.1052,2322242.065,441.06,Divide
750980.1798,2321905.843,475.3,Divide
751114.4826,2321585.946,500.1,Divide
751301.1606,2321272.624,558.02,Divide
751333.9623,2320923.327,568.99,Divide
751399.4122,2320528.078,626.38,Divide
747272.845,2325776.956,106.62,Divide
747478.0902,2325482.202,129.15,Divide
747646.2011,2325150.312,163.17,Divide
747872.1798,2324876.291,183.2,Divide
748058.8578,2324562.969,211.69,Divide
748186.5849,2324210.347,224.13,Divide
748412.5636,2323936.325,245.23,Divide
748540.2907,2323603.353,278.84,Divide
748639.7021,2323242.065,293,Divide
748736.8706,2322858.884,326.03,Divide
748902.8151,2322544.479,347.55,Divide
749061.0241,2322202.688,362.82,Divide
749169.1009,2321850.065,391.96,Divide
749159.2757,2321497.443,444,Divide
749124.4612,2321100.18,479.18,Divide
749257.5273,2320733.246,519.07,Divide
749326.3035,2320341.323,593.27,Divide
749267.3525,2319978.875,675.79,Divide
749159.1223,2319587.106,763.38,Divide
743794.7384,2319930.986,192.37,Divide
744069.8429,2319706.091,228.66,Divide
744411.5571,2319547.805,269.36,Divide
744685.5785,2319321.826,304.81,Divide
744949.7746,2319125.323,332.25,Divide
745213.9708,2318889.519,358.31,Divide
745517.4676,2318693.016,399.31,Divide
745808.8962,2318504.095,428.99,Divide
746152.7768,2318347.976,500.47,Divide
746516.3844,2318211.583,570.08,Divide
746770.7554,2317965.954,621.22,Divide
747044.7767,2317739.976,633.3,Divide
747446.5251,2317700.675,721.5,Divide
747626.5508,2317380.701,821.73,Divide
748835.0455,2310940.965,1353.2,Divide
749256.4442,2310940.965,1415.4,Divide
749640.7086,2310982.432,1467.5,Divide
741397.3993,2318398.261,60.016,Divide
741770.7554,2318524.905,88.003,Divide
742112.4697,2318643.89,104.42,Divide
742445.442,2318496.513,122.71,Divide
742812.2224,2318363.293,148.16,Divide
743121.2117,2318172.283,170.56,Divide
743532.7853,2318103.506,205.72,Divide
743954.184,2318083.856,238.99,Divide
744326.4569,2317956.129,282.35,Divide
744669.2543,2317798.926,320.79,Divide
745100.4782,2317730.15,373.35,Divide
745551.3524,2317681.025,452.42,Divide
745877.6723,2317507.344,507.46,Divide
746162.6019,2317292.274,569,Divide
744394.0731,2311687.677,329.55,Divide
744795.8215,2311726.978,406.22,Divide
745209.5614,2311640.717,533.75,Divide
745618.9687,2311550.125,696.05,Divide
746069.8429,2311540.3,764.81,Divide
744885.3311,2316108.999,423.26,Divide
745198.6531,2315922.321,473.51,Divide
745523.9665,2315747.634,553.07,Divide
745779.4207,2315503.089,617.97,Divide
746118.9687,2315342.636,681.11,Divide
746510.8919,2315234.56,759.62,Divide
746843.8642,2315067.532,815.4,Divide
747216.1371,2314939.805,903.79,Divide
747616.7256,2314879.694,968.82,Divide
747960.6829,2314723.651,1041.9,Divide
750701.8259,2303650.696,322.01,Divide
750790.2523,2304022.969,500.14,Divide
750957.28,2304336.291,628.5,Divide
751065.3568,2304688.914,644.87,Divide
750992.248,2305065.519,764.4,Divide
751011.8216,2305458.526,855.3,Divide
746064.3503,2325875.208,93.993,Divide
746426.7981,2325796.607,105.63,Divide
746700.8194,2325668.88,116.03,Divide
746870.0135,2325416.675,120.98,Divide
747145.1179,2325211.43,138.97,Divide
747420.2224,2325006.185,157.87,Divide
747626.5508,2324712.513,187.15,Divide
747783.7533,2324409.016,220.03,Divide
747911.4804,2324056.394,244.92,Divide
747931.1307,2323693.946,265.88,Divide
748030.3888,2323350.142,285.9,Divide
748068.683,2322969.05,315.16,Divide
748186.5849,2322606.602,355.58,Divide
748314.312,2322234.33,384.95,Divide
748422.3887,2321862.057,430.76,Divide
748543.6936,2321483.361,441.17,Divide
748707.3184,2321146.986,499.5,Divide
748776.0945,2320735.413,581.29,Divide
748756.2907,2320333.818,594.29,Divide
749532.6318,2326012.76,138,Divide
749531.5487,2325629.579,155.95,Divide
749630.8834,2325248.564,180.06,Divide
749732.3845,2324882.867,204.8,Divide
749650.5337,2324562.969,225.03,Divide
749621.0583,2324249.647,247.69,Divide
749552.2821,2323955.976,257.66,Divide
749650.5337,2323573.878,253.84,Divide
749799.071,2323222.415,292.51,Divide
750014.0647,2322957.059,330.62,Divide
750150.6105,2322613.255,372.12,Divide
750397.2459,2322359.89,404.61,Divide
750466.022,2321948.317,428.22,Divide
750633.0497,2321615.344,430.18,Divide
750760.7768,2321243.072,476.32,Divide
750872.2565,2320854.551,521.14,Divide
751085.0071,2320567.302,563.51,Divide
751183.2587,2320204.854,622.12,Divide
748147.2843,2304954.193,214.84,Divide
748535.958,2305026.218,332.41,Divide
748800.1542,2305262.022,438.84,Divide
749011.8983,2305550.278,541.55,Divide
749259.7704,2305802.406,648.52,Divide
749444.2054,2306117.971,797.86,Divide
749571.9325,2306490.244,961.41,Divide
749747.7789,2306794.747,1077.4,Divide
745091.6595,2310174.602,313.25,Divide
745337.2885,2310428.973,380.08,Divide
747783.7533,2305566.602,306.37,Divide
747998.8237,2305851.532,422.35,Divide
748255.361,2306094.995,494.56,Divide
748625.4676,2306224.888,623.79,Divide
748997.7405,2306293.664,792.6,Divide
749267.3525,2306524.052,865.63,Divide
749493.3312,2306798.073,980.65,Divide
749768.4357,2307022.969,1114.1,Divide
745356.9388,2315303.336,544.67,Divide
745710.6446,2315157.042,610.73,Divide
746054.5252,2315000.922,680.85,Divide
746418.0561,2314884.103,750.71,Divide
752607.9069,2321375.285,527.29,Divide
752431.054,2321091.438,561.35,Divide
752372.1031,2320670.04,604.21,Divide
752300.0775,2320314.167,625.88,Divide
752372.1031,2319925.494,660.3,Divide
749159.2757,2304397.408,252.42,Divide
749413.6467,2304643.037,350.17,Divide
749805.57,2304751.114,511.37,Divide
750138.5423,2304918.142,607.03,Divide
750397.2459,2305159.438,687.56,Divide
750662.5252,2305394.159,819.54,Divide
746722.6361,2323517.17,248.43,Divide
746771.7619,2323144.897,265.17,Divide
746928.9644,2322802.099,298.49,Divide
747037.0412,2322410.176,335.02,Divide
747297.9879,2322171.123,350.96,Divide
747355.8557,2321787.941,378.94,Divide
747528.2992,2321519.336,420.27,Divide
747518.474,2321107.762,473.97,Divide
747587.2501,2320715.839,503.09,Divide
747724.8024,2320412.342,501.11,Divide
747792.5721,2320078.364,535.9,Divide
748029.3823,2319815.174,581.78,Divide
748206.2352,2319492.027,627.12,Divide
748009.732,2314733.477,1045.9,Divide
748314.312,2314538.057,1094.7,Divide
748597.0753,2314320.82,1162,Divide
748979.1734,2314202.918,1226.1,Divide
755241.0498,2303002.236,701.89,Divide
755123.1479,2303286.082,726.39,Divide
754887.344,2303550.278,792.39,Divide
754674.44,2303837.374,837.64,Divide
754498.6703,2304161.604,888.57,Divide
755368.7769,2315696.342,871.26,Divide
755231.2246,2315392.845,902.71,Divide
755162.4485,2319587.106,517.78,Divide
754917.9027,2319331.651,524.66,Divide
754594.7555,2319410.253,565.01,Divide
754458.2865,2319105.673,630.1,Divide
754125.3142,2318938.645,745.56,Divide
755604.5807,2305822.056,1010.3,Divide
751497.6638,2320255.216,664.08,Divide
745531.6254,2309270.688,257.55,Divide
745907.1478,2309355.865,331.1,Divide
746335.1222,2309427.89,422.36,Divide
746668.0945,2309594.918,577.17,Divide
747030.5422,2309732.47,752.82,Divide
747442.1158,2309820.897,908.75,Divide
747853.6893,2309850.372,1042.2,Divide
748216.0604,2309712.743,1137.1,Divide
748588.41,2309585.093,1236.4,Divide
748952.9474,2309469.28,1288.9,Divide
748726.9687,2307374.432,991.36,Divide
749159.2757,2307422.474,1097.9,Divide
749550.1158,2307531.634,1226.2,Divide
757098.005,2307472.683,621.81,Divide
756676.6063,2307453.033,734.1,Divide
756351.2929,2307297.997,914.16,Divide
755977.9368,2307210.653,1027.3,Divide
755579.4379,2307168.103,1157.8,Divide
755158.0391,2307168.103,1226.5,Divide
754766.1159,2307177.929,1310.2,Divide
756616.5722,2301941.118,463.92,Divide
756508.4954,2302333.041,522.92,Divide
756321.8174,2302626.713,578.99,Divide
756125.3142,2302871.259,618.87,Divide
756302.1671,2318408.086,430.82,Divide
755929.8941,2318417.912,484.41,Divide
755506.3291,2318361.127,552.72,Divide
755162.4485,2318244.308,658.01,Divide
754881.8515,2318182.108,706.79,Divide
754582.7641,2318158.048,779.65,Divide
754294.5082,2317946.304,700.01,Divide
753963.779,2317973.536,735.31,Divide
753775.9411,2317681.025,772.45,Divide
756135.1393,2315254.21,660.61,Divide
755732.3078,2315272.777,769.11,Divide
755309.8259,2315315.327,900.7,Divide
758345.8003,2303365.766,221.83,Divide
757914.5765,2303375.592,305.71,Divide
757503.0029,2303326.466,441.11,Divide
757081.6042,2303287.165,510.54,Divide
756728.9816,2303414.892,574.6,Divide
756405.8345,2303513.144,648.3,Divide
756013.9112,2303581.92,729.82,Divide
755909.1607,2303918.218,736.57,Divide
755642.7215,2304151.779,807.05,Divide
755339.2247,2304348.282,881.45,Divide
742998.9004,2319410.253,153.99,Divide
743272.9217,2319184.274,172.76,Divide
743556.7682,2318987.771,203.68,Divide
743948.6915,2318899.344,239.16,Divide
744291.4889,2318742.142,265.32,Divide
744644.1115,2318712.666,295.87,Divide
744983.5827,2318571.788,340.05,Divide
745356.9388,2318445.144,395.11,Divide
745641.8685,2318230.074,439.04,Divide
745926.8748,2318015.08,491,Divide
746192.0774,2317780.283,538.48,Divide
746524.0433,2317631.899,576.61,Divide
746857.0155,2317464.871,656.34,Divide
747160.5123,2317268.368,712.26,Divide
747522.9601,2317130.816,805.58,Divide
746378.7555,2317062.039,635.5,Divide
746673.5103,2316856.794,686.71,Divide
747084.0007,2316826.236,754.1,Divide
747485.7491,2316747.634,791.22,Divide
743185.5785,2315087.182,218.43,Divide
743577.5017,2315175.609,274.54,Divide
744028.3759,2315205.084,326.03,Divide
744410.474,2315205.084,377.3,Divide
744718.3034,2315023.899,426.38,Divide
745150.6105,2314984.521,511.37,Divide
745596.0689,2314949.63,593.09,Divide
745985.7491,2314898.261,668.19,Divide
746360.265,2314812.078,740.57,Divide
746673.5103,2307708.487,281.55,Divide
747017.3909,2307864.607,400.98,Divide
747349.28,2308032.717,496.98,Divide
747682.2523,2308199.745,599.76,Divide
748054.5252,2308327.472,710.5,Divide
748363.4378,2308518.56,863.78,Divide
748622.2181,2308759.779,1103.1,Divide
748906.0646,2308975.933,1230.7,Divide
749209.5614,2309172.436,1325.5,Divide
747204.0689,2319655.882,566.99,Divide
747154.9431,2319303.259,596.57,Divide
747321.9708,2318970.287,599.87,Divide
748776.0945,2320166.79,641.89,Divide
748912.5636,2319803.259,722.37,Divide
753393.9197,2304574.261,972.22,Divide
753590.4229,2304877.758,1028.5,Divide
753804.4101,2305104.82,1062.4,Divide
754039.1308,2305370.099,1070.5,Divide
746575.2587,2313387.43,797.2,Divide
747016.3077,2313328.479,867.68,Divide
747418.0561,2313289.178,944.8,Divide
747790.329,2313318.654,1028.3,Divide
748231.3781,2313338.304,1123.7,Divide
748633.1265,2313240.052,1200.8,Divide
748985.7491,2313092.675,1271.1,Divide
749377.6723,2313063.199,1345,Divide
749779.4207,2313004.248,1406.2,Divide
750200.8194,2312984.598,1514.3,Divide
745425.7149,2310597.084,416.98,Divide
745670.2608,2310852.538,489.89,Divide
745904.9815,2311117.818,579.13,Divide
746051.2757,2311471.523,758.02,Divide
756105.6639,2303110.312,641.98,Divide
755841.4677,2303346.116,677.55,Divide
755606.747,2303611.395,736.4,Divide
747773.9282,2317071.865,851.2,Divide
757530.3121,2312434.389,488.3,Divide
757196.2566,2312268.445,561.4,Divide
756864.3675,2312100.334,675.84,Divide
754405.9112,2304456.359,941.4,Divide
754307.6596,2304838.457,986.54,Divide
754199.5828,2305191.08,1054.9,Divide
746604.7341,2314762.952,786.69,Divide
746968.2651,2314626.483,853.33,Divide
747398.4058,2314556.624,927.48,Divide
747701.9026,2314360.12,994.41,Divide
748084.0007,2314301.17,1074.1,Divide
748446.4484,2314202.918,1140.1,Divide
748867.8471,2314143.967,1211.5,Divide
755211.5743,2315303.336,942.99,Divide
754975.7705,2315039.14,919.84,Divide
754820.7342,2314694.176,901.65,Divide
754753.0413,2314281.519,1068.3,Divide
753865.5274,2318820.743,733.73,Divide
753767.2758,2318517.246,743.17,Divide
753600.2481,2318203.924,749.06,Divide
753436.4698,2317867.703,837.29,Divide
753472.521,2317567.455,902.85,Divide
749129.8003,2309398.415,1346.1,Divide
749788.086,2307040.376,1118.1,Divide
750004.2395,2307324.223,1209.7,Divide
757609.9965,2306332.965,380.82,Divide
757227.8984,2306215.063,561.9,Divide
756826.15,2306274.014,679.16,Divide
756414.5765,2306283.839,755.09,Divide
756003.0029,2306313.314,913.19,Divide
755601.2545,2306372.265,1041.6,Divide
755248.6319,2306519.643,1126.3,Divide
754974.6106,2306745.621,1219,Divide
752372.1031,2319744.308,680.67,Divide
752372.1031,2319342.56,687.36,Divide
752276.0178,2319017.246,706.09,Divide
752165.7747,2318627.489,765.55,Divide
752136.2992,2318235.566,818.11,Divide
751945.2118,2317926.654,824.26,Divide
755309.8259,2305979.259,1073.7,Divide
754996.5039,2306165.937,1183.7,Divide
754818.5679,2306468.351,1200.3,Divide
754749.7918,2306860.274,1273,Divide
748186.5849,2319144.973,713.46,Divide
748332.8791,2318810.918,691.18,Divide
748500.99,2318479.029,741.54,Divide
748746.619,2318224.658,790.84,Divide
749031.5487,2318009.587,844.04,Divide
749114.5593,2317612.248,897.96,Divide
749300.1542,2317297.843,928.07,Divide
749345.9538,2316981.195,949.89,Divide
747282.6702,2318889.519,610.53,Divide
747371.0966,2318556.547,630.74,Divide
747626.5508,2318312.001,675.7,Divide
747862.3546,2318047.805,702.22,Divide
748064.3503,2317749.801,758.43,Divide
748324.1371,2317509.587,796.57,Divide
748582.9175,2317268.368,845.9,Divide
748768.5124,2316953.963,854.82,Divide
749149.4506,2316874.202,961.69,Divide
751419.0625,2320009.587,677.68,Divide
751469.2715,2319616.581,671.36,Divide
751446.3717,2319253.05,721.03,Divide
751543.5401,2318869.869,732.88,Divide
751605.7406,2318549.971,754.55,Divide
751629.8003,2318211.583,753.74,Divide
751815.3951,2317916.828,837.31,Divide
750947.4549,2305586.253,936.04,Divide
751064.2736,2305969.434,927.77,Divide
751232.3845,2306301.323,1025.2,Divide
751563.1905,2306391.916,1110.8,Divide
749061.0241,2319479.029,794.21,Divide
749129.8003,2319087.106,806.2,Divide
749257.5273,2318754.133,782.98,Divide
749529.3823,2318545.639,780.99,Divide
749680.0092,2318196.266,855.66,Divide
749778.2608,2317853.468,894.56,Divide
749797.9111,2317471.37,944.76,Divide
755457.2033,2303876.675,787.31,Divide
755251.9581,2304171.43,844.82,Divide
756852.376,2312090.509,683.91,Divide
756430.9773,2312070.858,779.75,Divide
756036.8877,2312122.15,909.89,Divide
755666.7811,2312208.41,1039.3,Divide
755363.2843,2312365.613,1106.9,Divide
754991.0114,2312434.389,1050.1,Divide
754612.2395,2312313.161,1321.8,Divide
754238.8835,2312387.506,1296,Divide
749119.9751,2314016.24,1263.7,Divide
749384.1713,2313780.436,1323.8,Divide
749746.619,2313682.184,1396,Divide
747862.3546,2316777.11,902.7,Divide
748206.2352,2316699.592,905.35,Divide
748422.3887,2316415.745,935.81,Divide
748658.1926,2316151.549,972.19,Divide
748850.3631,2315883.02,1004.8,Divide
749149.4506,2315682.108,1070.1,Divide
749454.0305,2315486.688,1121.4,Divide
749719.3099,2315251.967,1155,Divide
749974.764,2315007.421,1221.4,Divide
750230.2182,2314762.875,1306.7,Divide
756262.8664,2309339.464,1059.9,Divide
756028.1457,2309604.743,1111.5,Divide
754111.1564,2305448.7,1089,Divide
753472.521,2317523.822,913.46,Divide
753324.0604,2317288.018,903.34,Divide
753214.9005,2317012.914,928.04,Divide
749277.1777,2316767.285,999.28,Divide
749454.0305,2316444.138,1064.6,Divide
749658.1926,2316167.95,1078.1,Divide
749873.2629,2315883.02,1109.5,Divide
750082.8408,2315592.598,1159,Divide
750210.5679,2315259.626,1227.5,Divide
749345.9538,2309290.338,1371.6,Divide
749737.877,2309221.562,1417.5,Divide
754739.9666,2314232.393,1075.9,Divide
754495.4208,2313976.939,1053.6,Divide
754317.4847,2313654.875,1088.1,Divide
754232.3078,2313240.052,1198.8,Divide
753993.2545,2312979.106,1299.9,Divide
753723.5658,2312748.794,1471,Divide
754759.6169,2306912.649,1276.3,Divide
751654.8664,2306401.741,1144.8,Divide
746113.4761,2311520.649,772,Divide
746456.2736,2311599.251,783.86,Divide
746899.4889,2311562.116,826.74,Divide
747318.7213,2311481.349,935.04,Divide
747759.7704,2311481.349,1040.3,Divide
748181.1691,2311481.349,1039.2,Divide
748592.7427,2311392.922,1093.7,Divide
748952.9474,2311253.127,1249.7,Divide
749347.1137,2311166.943,1350.3,Divide
749778.3375,2311098.167,1495.3,Divide
751792.4186,2317769.451,853.11,Divide
751684.3419,2317416.828,850.21,Divide
751733.4677,2317044.555,909.08,Divide
751821.8941,2316672.283,968.59,Divide
751812.0689,2316260.709,1002.6,Divide
751762.9431,2315908.086,1064.4,Divide
751920.1457,2315565.289,1203.3,Divide
756587.0967,2309919.148,953.63,Divide
756244.2993,2309761.946,1057.3,Divide
749984.5892,2317346.969,968.95,Divide
750081.7576,2316983.438,997.25,Divide
750208.4015,2316629.732,1041.8,Divide
750344.8706,2316266.202,1097.5,Divide
750338.2949,2315916.828,1141.4,Divide
749896.1627,2307600.41,1277.3,Divide
755231.2246,2304328.632,903.66,Divide
754957.2033,2304554.611,910.7,Divide
754739.9666,2304837.374,968.85,Divide
754543.4634,2305140.871,1021.9,Divide
754415.7363,2305513.144,1084.9,Divide
749955.1137,2313446.381,1443.1,Divide
750189.8344,2313181.101,1512.7,Divide
750483.506,2312974.773,1571.7,Divide
750338.2949,2315598.091,1193.9,Divide
750407.0711,2315206.167,1251.7,Divide
755987.7619,2309644.044,1160.8,Divide
755575.1052,2309556.7,1141.3,Divide
755223.5658,2309408.24,1295.9,Divide
754631.8899,2307246.705,1358.5,Divide
749925.6382,2311039.216,1528.4,Divide
750199.6595,2311265.195,1535.7,Divide
751998.747,2315490.014,1270,Divide
752292.4186,2315303.336,1358.3,Divide
753384.0945,2316796.76,962.12,Divide
753277.1009,2316462.705,994.58,Divide
752973.6041,2316266.202,1057.8,Divide
752932.1372,2315866.619,1141.7,Divide
752838.2182,2315519.489,1223.4,Divide
752731.2246,2315146.133,1305.7,Divide
753934.3035,2312552.291,1452,Divide
753601.3312,2312503.165,1510.8,Divide
754307.6596,2305635.378,1115.4,Divide
754396.086,2306046.952,1164.3,Divide
754393.9197,2306411.566,1217,Divide
754445.2118,2306742.372,1228.6,Divide
754303.3269,2307089.502,1339.3,Divide
753501.9965,2312581.767,1575.2,Divide
753100.248,2312562.116,1599.5,Divide
752784.7598,2312416.905,1668,Divide
752473.6041,2312228.061,1681.4,Divide
750524.973,2312896.172,1587.1,Divide
750711.651,2312582.85,1648.1,Divide
750868.8536,2312299.003,1706.7,Divide
752499.8301,2315126.483,1371.2,Divide
752422.312,2314841.553,1343.9,Divide
752372.1031,2314490.014,1364.5,Divide
750377.5956,2315018.406,1322.7,Divide
755123.1479,2309368.939,1341.4,Divide
754760.7001,2309231.387,1299.3,Divide
752381.9282,2314350.295,1380.1,Divide
752205.0753,2314027.148,1382.2,Divide
751890.6702,2313939.805,1438.7,Divide
751664.6915,2313665.784,1395.6,Divide
751428.8877,2313401.587,1411.8,Divide
751428.8877,2313019.489,1452.6,Divide
751638.5423,2312729.144,1566.3,Divide
751902.7384,2312493.34,1694.9,Divide
752186.5849,2312277.187,1726,Divide
750416.8962,2314684.351,1364,Divide
750456.1969,2314282.602,1370.6,Divide
750468.1883,2313908.163,1450.9,Divide
752372.1031,2312169.11,1713.3,Divide
754317.4847,2307305.656,1383.5,Divide
752273.8515,2312178.935,1737.6,Divide
751950.7043,2312021.732,1722.6,Divide
751548.9559,2311962.781,1716.3,Divide
751104.6574,2311926.73,1760.4,Divide
750485.6723,2313534.807,1518.7,Divide
750681.0924,2313249.877,1565.3,Divide
750859.0284,2312947.464,1612.6,Divide
750957.28,2312545.715,1666.1,Divide
751045.7065,2312173.442,1732.6,Divide
754179.9325,2307384.257,1394.1,Divide
751026.0561,2312119.984,1736.9,Divide
751094.8323,2311923.481,1762.8,Divide
750829.5529,2311785.929,1739.2,Divide
750603.5743,2311511.907,1636.2,Divide
757856.7087,2314733.477,231.92,Divide
757533.5615,2314556.624,360.88,Divide
757200.5893,2314428.897,434.47,Divide
756789.0157,2314458.372,492.37,Divide
756377.4421,2314369.946,570.8,Divide
755956.0434,2314369.946,718.69,Divide
755524.8195,2314419.071,833.26,Divide
755172.1969,2314271.694,921.81,Divide
754770.4485,2314212.743,1059.8,Divide
758257.3739,2313048.965,220.93,Divide
757949.4677,2312856.871,316.4,Divide
757687.5146,2312618.824,423.45,Divide
758318.0799,2312562.116,223.91,Divide
758316.3249,2312570.858,226,Divide
757935.3099,2312473.69,367.54,Divide
758368.7001,2310950.79,248.98,Divide
758035.7279,2310783.762,384.72,Divide
757673.2801,2310665.86,462.42,Divide
757373.1095,2310466.031,613.07,Divide
757058.7044,2310280.436,748.35,Divide
756793.4251,2310045.715,898.53,Divide
758070.257,2309830.722,391.37,Divide
757648.8583,2309870.022,541.77,Divide
757217.6344,2309860.197,656.58,Divide
756766.7602,2309889.673,854.38,Divide
757522.6532,2307433.383,502.29,Divide
757111.0797,2307462.858,619.47,Divide
740324.2906,2316918.841,15.967,Relict
740324.2906,2316418.841,20.511,Relict
740324.2906,2315418.841,27.915,Relict
740824.2906,2319918.841,0.978,Relict
740824.2906,2318418.841,23.851,Relict
740824.2906,2317418.841,37.513,Relict
740824.2906,2315918.841,70.471,Relict
740824.2906,2315418.841,61.076,Relict
740824.2906,2313918.841,35.738,Relict
740824.2906,2313418.841,17.343,Relict
741324.2906,2319918.841,31.776,Relict
741324.2906,2318918.841,55.073,Relict
741324.2906,2318418.841,57.709,Relict
741324.2906,2316918.841,71.443,Relict
741324.2906,2316418.841,89.611,Relict
741324.2906,2315918.841,105.74,Relict
741324.2906,2315418.841,113.68,Relict
741324.2906,2313918.841,64.304,Relict
741824.2906,2320918.841,38.22,Relict
741824.2906,2319418.841,81.919,Relict
741824.2906,2318418.841,86.79,Relict
741824.2906,2314918.841,122.1,Relict
741824.2906,2313918.841,103.52,Relict
741824.2906,2313418.841,89.176,Relict
742324.2906,2322918.841,4.754,Relict
742324.2906,2320418.841,80.987,Relict
742324.2906,2319418.841,119.04,Relict
742324.2906,2318918.841,121.48,Relict
742324.2906,2318418.841,115.75,Relict
742324.2906,2317918.841,109.04,Relict
742324.2906,2315918.841,148.74,Relict
742324.2906,2315418.841,155.88,Relict
742824.2906,2324418.841,16.073,Relict
742824.2906,2323918.841,24.511,Relict
742824.2906,2320418.841,112.76,Relict
742824.2906,2318918.841,138.48,Relict
742824.2906,2317918.841,147.07,Relict
742824.2906,2316418.841,160.06,Relict
742824.2906,2315418.841,180.93,Relict
742824.2906,2313918.841,196.92,Relict
742824.2906,2310418.841,55.635,Relict
743324.2906,2323918.841,60.166,Relict
743324.2906,2323418.841,46.308,Relict
743324.2906,2321918.841,109.65,Relict
743324.2906,2321418.841,126.15,Relict
743324.2906,2317418.841,188.17,Relict
743324.2906,2316418.841,209.09,Relict
743324.2906,2313418.841,257.32,Relict
743324.2906,2311418.841,134.06,Relict
743824.2906,2324418.841,14.344,Relict
743824.2906,2323918.841,47.733,Relict
743824.2906,2323418.841,80.756,Relict
743824.2906,2321918.841,122.82,Relict
743824.2906,2319418.841,216.38,Relict
743824.2906,2318918.841,230.89,Relict
743824.2906,2316918.841,239.16,Relict
743824.2906,2314918.841,295.49,Relict
743824.2906,2313918.841,322.56,Relict
743824.2906,2313418.841,312.6,Relict
743824.2906,2310918.841,173.18,Relict
743824.2906,2310418.841,151.26,Relict
743824.2906,2309918.841,127.77,Relict
744324.2906,2322918.841,116.74,Relict
744324.2906,2320418.841,241.95,Relict
744324.2906,2318418.841,267.41,Relict
744324.2906,2316418.841,329.56,Relict
744324.2906,2314918.841,369.84,Relict
744324.2906,2313418.841,389.76,Relict
744324.2906,2312918.841,346.54,Relict
744324.2906,2309918.841,187.39,Relict
744824.2906,2324418.841,48.563,Relict
744824.2906,2323918.841,85.531,Relict
744824.2906,2322918.841,142.56,Relict
744824.2906,2322418.841,196.9,Relict
744824.2906,2317918.841,334.64,Relict
744824.2906,2315418.841,426.63,Relict
744824.2906,2312918.841,458.69,Relict
744824.2906,2311418.841,400.47,Relict
744824.2906,2310418.841,288.4,Relict
745324.2906,2326418.841,30.053,Relict
745324.2906,2315918.841,499.27,Relict
745324.2906,2314418.841,545.2,Relict
745324.2906,2313918.841,539.52,Relict
745324.2906,2310418.841,376.84,Relict
745324.2906,2309918.841,283.61,Relict
745324.2906,2305918.841,25.604,Relict
745824.2906,2326418.841,38.783,Relict
745824.2906,2325918.841,83.925,Relict
745824.2906,2320418.841,391.62,Relict
745824.2906,2317918.841,486.17,Relict
745824.2906,2317418.841,505.24,Relict
745824.2906,2313418.841,638.75,Relict
745824.2906,2309918.841,383.5,Relict
745824.2906,2305918.841,78.536,Relict
746324.2906,2326418.841,49.067,Relict
746324.2906,2325918.841,99.153,Relict
746324.2906,2316918.841,620.16,Relict
746324.2906,2314918.841,734.07,Relict
746324.2906,2313418.841,745.77,Relict
746324.2906,2311418.841,742.98,Relict
746324.2906,2307918.841,286.39,Relict
746824.2906,2326418.841,8.665,Relict
746824.2906,2320918.841,422.88,Relict
746824.2906,2316918.841,692.85,Relict
746824.2906,2311418.841,794.68,Relict
747324.2906,2325918.841,92.106,Relict
747324.2906,2324918.841,156.98,Relict
747324.2906,2324418.841,178.37,Relict
747324.2906,2322918.841,292.88,Relict
747324.2906,2322418.841,337.58,Relict
747324.2906,2321918.841,367.83,Relict
747324.2906,2314918.841,921.53,Relict
747324.2906,2314418.841,925.63,Relict
747324.2906,2305918.841,244.15,Relict
747824.2906,2323918.841,249.19,Relict
747824.2906,2314918.841,1002.7,Relict
748324.2906,2322918.841,319.38,Relict
748324.2906,2320918.841,521.4,Relict
748324.2906,2304918.841,256.85,Relict
748824.2906,2326418.841,93.798,Relict
748824.2906,2321918.841,393.57,Relict
748824.2906,2320918.841,524.91,Relict
748824.2906,2319918.841,662.49,Relict
748824.2906,2318918.841,733.95,Relict
749324.2906,2327418.841,49.695,Relict
749324.2906,2326418.841,122.05,Relict
749324.2906,2324918.841,194.04,Relict
749324.2906,2319418.841,748.99,Relict
749324.2906,2316918.841,957.14,Relict
749824.2906,2326918.841,102.14,Relict
749824.2906,2325418.841,167,Relict
749824.2906,2315918.841,1098,Relict
749824.2906,2315418.841,1162.4,Relict
749824.2906,2311918.841,1525.4,Relict
750324.2906,2326918.841,59.63,Relict
750324.2906,2324418.841,233.08,Relict
750324.2906,2322418.841,378.58,Relict
750324.2906,2315918.841,1142.1,Relict
750324.2906,2314918.841,1301.4,Relict
750824.2906,2322918.841,385.25,Relict
750824.2906,2312418.841,1677.4,Relict
751324.2906,2325918.841,75.129,Relict
751324.2906,2320918.841,568.93,Relict
751824.2906,2323918.841,281.15,Relict
751824.2906,2323418.841,319.61,Relict
751824.2906,2322918.841,357.9,Relict
751824.2906,2321918.841,502.59,Relict
751824.2906,2321418.841,526.08,Relict
751824.2906,2317918.841,835.59,Relict
752324.2906,2324918.841,136.74,Relict
752324.2906,2320918.841,569.08,Relict
752324.2906,2320418.841,621.13,Relict
752824.2906,2321918.841,443.37,Relict
752824.2906,2320418.841,547.18,Relict
753324.2906,2323918.841,203.76,Relict
753324.2906,2317418.841,904.11,Relict
753324.2906,2316918.841,952.42,Relict
753324.2906,2304418.841,940.99,Relict
753324.2906,2303918.841,853.95,Relict
753824.2906,2304918.841,1048.1,Relict
754324.2906,2323418.841,128.63,Relict
754324.2906,2305418.841,1081.1,Relict
754324.2906,2303918.841,862.5,Relict
754324.2906,2302418.841,523.11,Relict
754324.2906,2301918.841,413.57,Relict
754324.2906,2301418.841,285.18,Relict
754824.2906,2321918.841,343.97,Relict
754824.2906,2319418.841,537.15,Relict
754824.2906,2306918.841,1265,Relict
754824.2906,2303418.841,769.18,Relict
754824.2906,2302918.841,681.08,Relict
754824.2906,2300418.841,73.108,Relict
755324.2906,2322918.841,175.81,Relict
755324.2906,2320418.841,449.24,Relict
755324.2906,2315418.841,888.07,Relict
755324.2906,2302918.841,697.12,Relict
755324.2906,2302418.841,623.68,Relict
755324.2906,2301418.841,401.76,Relict
755824.2906,2320918.841,311.89,Relict
755824.2906,2320418.841,365.54,Relict
755824.2906,2318418.841,492.26,Relict
755824.2906,2301418.841,409.99,Relict
756324.2906,2321418.841,271.76,Relict
756324.2906,2320418.841,281.74,Relict
756324.2906,2318418.841,429.54,Relict
756324.2906,2302918.841,594.07,Relict
756324.2906,2302418.841,549.05,Relict
756324.2906,2301418.841,421.72,Relict
756324.2906,2300918.841,346.67,Relict
756824.2906,2321418.841,198.03,Relict
756824.2906,2318418.841,302.41,Relict
756824.2906,2303918.841,568.18,Relict
756824.2906,2300918.841,306.64,Relict
757324.2906,2319418.841,220.47,Relict
757324.2906,2318918.841,228.55,Relict
757324.2906,2301418.841,290.49,Relict
757324.2906,2299918.841,99.224,Relict
757824.2906,2318418.841,122.81,Relict
757824.2906,2317418.841,115.52,Relict
757824.2906,2314418.841,285.18,Relict
758324.2906,2313918.841,148.25,Relict
758324.2906,2301418.841,100.83,Relict
750621.0583,2309811.071,1565.9,Divide
750692.0007,2309899.498,1587.9,Divide
750780.4271,2310291.421,1537.2,Divide
750782.5935,2310656.035,1474.5,Divide
750646.1244,2311019.566,1545.6,Divide
750789.0924,2309830.722,1383.9,Divide
750033.715,2309294.747,1385.8,Divide
750023.8898,2309329.639,1412.5,Divide
750063.1905,2309368.939,1413.2,Divide
750327.3866,2309604.743,1413.2,Divide
